repeat,fold,file_id,target,prediction,ape,selected_kind,model
0,0,train01.csv,0.103662995,0.040152677,0.6126614227188786,physics_5,constant_mape
0,0,train06.csv,0.467359393,0.040152677,0.9140860810729443,physics_5,constant_mape
0,0,train13.csv,0.028620288,0.040152677,0.4029445475880605,physics_5,constant_mape
0,0,train17.csv,0.423558906,0.040152677,0.9052016698711559,physics_5,constant_mape
0,0,train37.csv,0.50786784,0.040152677,0.920938728863005,physics_5,constant_mape
0,0,train45.csv,0.187610341,0.040152677,0.7859783379424699,physics_5,constant_mape
0,0,train53.csv,0.043912869,0.040152677,0.08562847487828687,physics_5,constant_mape
0,0,train59.csv,0.09153768,0.040152677,0.561353565001866,physics_5,constant_mape
0,0,train01.csv,0.103662995,0.09370567363611963,0.09605473355154713,physics_5,physics_3
0,0,train06.csv,0.467359393,0.17147182026238278,0.6331050090558835,physics_5,physics_3
0,0,train13.csv,0.028620288,0.04012263567995572,0.40189489637405884,physics_5,physics_3
0,0,train17.csv,0.423558906,0.15018137540383383,0.6454297778268561,physics_5,physics_3
0,0,train37.csv,0.50786784,0.22426848602301408,0.5584117198225939,physics_5,physics_3
0,0,train45.csv,0.187610341,0.12848115318451392,0.31517019531181434,physics_5,physics_3
0,0,train53.csv,0.043912869,0.052542254696755636,0.1965115441843628,physics_5,physics_3
0,0,train59.csv,0.09153768,0.05239274319478635,0.4276374145074864,physics_5,physics_3
0,0,train01.csv,0.103662995,0.10391253759378129,0.002407248544008336,physics_5,physics_5
0,0,train01.csv,0.103662995,0.10391253759378129,0.002407248544008336,physics_5,nested_selection
0,0,train06.csv,0.467359393,0.469349529267114,0.004258256701206331,physics_5,physics_5
0,0,train06.csv,0.467359393,0.469349529267114,0.004258256701206331,physics_5,nested_selection
0,0,train13.csv,0.028620288,0.027747791468946337,0.030485246376754253,physics_5,physics_5
0,0,train13.csv,0.028620288,0.027747791468946337,0.030485246376754253,physics_5,nested_selection
0,0,train17.csv,0.423558906,0.41704848098956976,0.01537076642281783,physics_5,physics_5
0,0,train17.csv,0.423558906,0.41704848098956976,0.01537076642281783,physics_5,nested_selection
0,0,train37.csv,0.50786784,0.5045701740054798,0.006493157736706057,physics_5,physics_5
0,0,train37.csv,0.50786784,0.5045701740054798,0.006493157736706057,physics_5,nested_selection
0,0,train45.csv,0.187610341,0.18829065188100666,0.003626190738636555,physics_5,physics_5
0,0,train45.csv,0.187610341,0.18829065188100666,0.003626190738636555,physics_5,nested_selection
0,0,train53.csv,0.043912869,0.044311540971971576,0.009078704740780565,physics_5,physics_5
0,0,train53.csv,0.043912869,0.044311540971971576,0.009078704740780565,physics_5,nested_selection
0,0,train59.csv,0.09153768,0.0887454649656971,0.030503449883183566,physics_5,physics_5
0,0,train59.csv,0.09153768,0.0887454649656971,0.030503449883183566,physics_5,nested_selection
0,0,train01.csv,0.103662995,0.10391253759378129,0.002407248544008336,physics_5,physics_fitted
0,0,train06.csv,0.467359393,0.469349529267114,0.004258256701206331,physics_5,physics_fitted
0,0,train13.csv,0.028620288,0.027747791468946337,0.030485246376754253,physics_5,physics_fitted
0,0,train17.csv,0.423558906,0.41704848098956976,0.01537076642281783,physics_5,physics_fitted
0,0,train37.csv,0.50786784,0.5045701740054798,0.006493157736706057,physics_5,physics_fitted
0,0,train45.csv,0.187610341,0.18829065188100666,0.003626190738636555,physics_5,physics_fitted
0,0,train53.csv,0.043912869,0.044311540971971576,0.009078704740780565,physics_5,physics_fitted
0,0,train59.csv,0.09153768,0.0887454649656971,0.030503449883183566,physics_5,physics_fitted
0,0,train01.csv,0.103662995,0.18889808813653336,0.8222325926096711,physics_5,ridge_stats
0,0,train06.csv,0.467359393,0.4624051966230372,0.01060039971629032,physics_5,ridge_stats
0,0,train13.csv,0.028620288,0.021515529943288002,0.24824201827430942,physics_5,ridge_stats
0,0,train17.csv,0.423558906,0.3448279536542332,0.18587958187276749,physics_5,ridge_stats
0,0,train37.csv,0.50786784,0.38409097569489237,0.24371864992496395,physics_5,ridge_stats
0,0,train45.csv,0.187610341,0.17989629480727842,0.04111738271784065,physics_5,ridge_stats
0,0,train53.csv,0.043912869,0.052696389221106664,0.20002155224944795,physics_5,ridge_stats
0,0,train59.csv,0.09153768,0.17672067943898054,0.9305785272139357,physics_5,ridge_stats
0,0,train01.csv,0.103662995,0.11149625916351129,0.07556471008300787,physics_5,ridge_cycles
0,0,train06.csv,0.467359393,0.49864087314040456,0.06693238781317175,physics_5,ridge_cycles
0,0,train13.csv,0.028620288,0.023534659526417326,0.17769312711258092,physics_5,ridge_cycles
0,0,train17.csv,0.423558906,0.40871918288106446,0.03503579527834448,physics_5,ridge_cycles
0,0,train37.csv,0.50786784,0.4908404246395561,0.03352725654068553,physics_5,ridge_cycles
0,0,train45.csv,0.187610341,0.19000831237306187,0.012781658837568328,physics_5,ridge_cycles
0,0,train53.csv,0.043912869,0.04209780607797032,0.04133328027439248,physics_5,ridge_cycles
0,0,train59.csv,0.09153768,0.09920163315777075,0.0837245728509916,physics_5,ridge_cycles
0,0,train01.csv,0.103662995,0.10398819224175446,0.003137061993573145,physics_5,extra_trees
0,0,train06.csv,0.467359393,0.5105298270966726,0.09237095636306725,physics_5,extra_trees
0,0,train13.csv,0.028620288,0.03051493318663196,0.06619937530439807,physics_5,extra_trees
0,0,train17.csv,0.423558906,0.42690535172123034,0.007900779971393941,physics_5,extra_trees
0,0,train37.csv,0.50786784,0.489999344312404,0.03518335732303106,physics_5,extra_trees
0,0,train45.csv,0.187610341,0.17698871919426845,0.056615332337845714,physics_5,extra_trees
0,0,train53.csv,0.043912869,0.04698140092623056,0.06987773734917108,physics_5,extra_trees
0,0,train59.csv,0.09153768,0.09503112977952834,0.038164062924998104,physics_5,extra_trees
0,1,train10.csv,0.716510036,0.045191049,0.936928937866266,physics_5,constant_mape
0,1,train14.csv,0.035544524,0.045191049,0.2713927186083571,physics_5,constant_mape
0,1,train26.csv,0.028622651,0.045191049,0.5788561653496037,physics_5,constant_mape
0,1,train35.csv,0.028827561,0.045191049,0.5676334532775767,physics_5,constant_mape
0,1,train41.csv,0.132170551,0.045191049,0.6580853400543061,physics_5,constant_mape
0,1,train51.csv,0.131487919,0.045191049,0.6563102576746994,physics_5,constant_mape
0,1,train57.csv,0.728839308,0.045191049,0.9379958675335331,physics_5,constant_mape
0,1,train62.csv,0.046122257,0.045191049,0.020189992003210137,physics_5,constant_mape
0,1,train10.csv,0.716510036,0.14636165950372163,0.7957297844412585,physics_5,physics_3
0,1,train14.csv,0.035544524,0.06421654832059161,0.8066509575593587,physics_5,physics_3
0,1,train26.csv,0.028622651,0.059806101788239696,1.0894675964235352,physics_5,physics_3
0,1,train35.csv,0.028827561,0.060359013667589986,1.0937953671345968,physics_5,physics_3
0,1,train41.csv,0.132170551,0.13651715148529925,0.0328863007108085,physics_5,physics_3
0,1,train51.csv,0.131487919,0.11384031343871899,0.13421465405716107,physics_5,physics_3
0,1,train57.csv,0.728839308,0.278148013415094,0.6183685342406176,physics_5,physics_3
0,1,train62.csv,0.046122257,0.05374862777855858,0.1653512051363527,physics_5,physics_3
0,1,train10.csv,0.716510036,0.7134285613409151,0.004300672013315408,physics_5,physics_5
0,1,train10.csv,0.716510036,0.7134285613409151,0.004300672013315408,physics_5,nested_selection
0,1,train14.csv,0.035544524,0.03608204394793051,0.015122440461729409,physics_5,physics_5
0,1,train14.csv,0.035544524,0.03608204394793051,0.015122440461729409,physics_5,nested_selection
0,1,train26.csv,0.028622651,0.02910450009111965,0.01683453748290644,physics_5,physics_5
0,1,train26.csv,0.028622651,0.02910450009111965,0.01683453748290644,physics_5,nested_selection
0,1,train35.csv,0.028827561,0.029418740889518256,0.02050745429064411,physics_5,physics_5
0,1,train35.csv,0.028827561,0.029418740889518256,0.02050745429064411,physics_5,nested_selection
0,1,train41.csv,0.132170551,0.12029637425526161,0.08983980663543109,physics_5,physics_5
0,1,train41.csv,0.132170551,0.12029637425526161,0.08983980663543109,physics_5,nested_selection
0,1,train51.csv,0.131487919,0.13018811834842625,0.009885323773157874,physics_5,physics_5
0,1,train51.csv,0.131487919,0.13018811834842625,0.009885323773157874,physics_5,nested_selection
0,1,train57.csv,0.728839308,0.7121616293367065,0.022882518108221332,physics_5,physics_5
0,1,train57.csv,0.728839308,0.7121616293367065,0.022882518108221332,physics_5,nested_selection
0,1,train62.csv,0.046122257,0.042419253885944946,0.08028668488740812,physics_5,physics_5
0,1,train62.csv,0.046122257,0.042419253885944946,0.08028668488740812,physics_5,nested_selection
0,1,train10.csv,0.716510036,0.7134285613409151,0.004300672013315408,physics_5,physics_fitted
0,1,train14.csv,0.035544524,0.03608204394793051,0.015122440461729409,physics_5,physics_fitted
0,1,train26.csv,0.028622651,0.02910450009111965,0.01683453748290644,physics_5,physics_fitted
0,1,train35.csv,0.028827561,0.029418740889518256,0.02050745429064411,physics_5,physics_fitted
0,1,train41.csv,0.132170551,0.12029637425526161,0.08983980663543109,physics_5,physics_fitted
0,1,train51.csv,0.131487919,0.13018811834842625,0.009885323773157874,physics_5,physics_fitted
0,1,train57.csv,0.728839308,0.7121616293367065,0.022882518108221332,physics_5,physics_fitted
0,1,train62.csv,0.046122257,0.042419253885944946,0.08028668488740812,physics_5,physics_fitted
0,1,train10.csv,0.716510036,0.579445472194819,0.19129468802748348,physics_5,ridge_stats
0,1,train14.csv,0.035544524,0.020561241692741542,0.4215356015812297,physics_5,ridge_stats
0,1,train26.csv,0.028622651,0.018777800452567835,0.34395313513874604,physics_5,ridge_stats
0,1,train35.csv,0.028827561,0.019179783266479643,0.3346720082743163,physics_5,ridge_stats
0,1,train41.csv,0.132170551,0.13853679471986252,0.04816688492024615,physics_5,ridge_stats
0,1,train51.csv,0.131487919,0.16286274328610384,0.23861374128298302,physics_5,ridge_stats
0,1,train57.csv,0.728839308,0.4714627610287879,0.3531320884400105,physics_5,ridge_stats
0,1,train62.csv,0.046122257,0.05009803045135386,0.08620075664020213,physics_5,ridge_stats
0,1,train10.csv,0.716510036,0.58485822370493,0.18374036047007994,physics_5,ridge_cycles
0,1,train14.csv,0.035544524,0.033023976838980215,0.07091239035919529,physics_5,ridge_cycles
0,1,train26.csv,0.028622651,0.02685619156420098,0.06171543774191356,physics_5,ridge_cycles
0,1,train35.csv,0.028827561,0.02653474017086856,0.07953572031749205,physics_5,ridge_cycles
0,1,train41.csv,0.132170551,0.14788800657913692,0.11891798483261921,physics_5,ridge_cycles
0,1,train51.csv,0.131487919,0.1434516336077329,0.09098717736747265,physics_5,ridge_cycles
0,1,train57.csv,0.728839308,0.6467146098765232,0.11267874443933913,physics_5,ridge_cycles
0,1,train62.csv,0.046122257,0.04617093340929984,0.001055377868863649,physics_5,ridge_cycles
0,1,train10.csv,0.716510036,0.6678711755118891,0.0678830135578322,physics_5,extra_trees
0,1,train14.csv,0.035544524,0.03373835763875748,0.05081419464901316,physics_5,extra_trees
0,1,train26.csv,0.028622651,0.030645215823200195,0.07066308509299843,physics_5,extra_trees
0,1,train35.csv,0.028827561,0.030932227141134062,0.0730088175386763,physics_5,extra_trees
0,1,train41.csv,0.132170551,0.12866568906028916,0.026517722088567484,physics_5,extra_trees
0,1,train51.csv,0.131487919,0.13336766753661222,0.014295979059583516,physics_5,extra_trees
0,1,train57.csv,0.728839308,0.7123223219275586,0.022662040714798198,physics_5,extra_trees
0,1,train62.csv,0.046122257,0.043754146580681046,0.05134420068209052,physics_5,extra_trees
0,2,train04.csv,0.894736481,0.045191049,0.9494923366157012,physics_5,constant_mape
0,2,train05.csv,0.054740135,0.045191049,0.1744439614553381,physics_5,constant_mape
0,2,train07.csv,0.028737481,0.045191049,0.5725473293918837,physics_5,constant_mape
0,2,train09.csv,0.033628754,0.045191049,0.34382168902243604,physics_5,constant_mape
0,2,train18.csv,0.375658256,0.045191049,0.8797017015380064,physics_5,constant_mape
0,2,train34.csv,0.700103573,0.045191049,0.9354509093470945,physics_5,constant_mape
0,2,train48.csv,0.132467063,0.045191049,0.6588506759601064,physics_5,constant_mape
0,2,train50.csv,0.040152677,0.045191049,0.12548035091159673,physics_5,constant_mape
0,2,train04.csv,0.894736481,0.34567875966641304,0.6136529950359618,physics_5,physics_3
0,2,train05.csv,0.054740135,0.03620168719328316,0.33866280758563794,physics_5,physics_3
0,2,train07.csv,0.028737481,0.02993595299477796,0.04170414222380733,physics_5,physics_3
0,2,train09.csv,0.033628754,0.06083514255290929,0.8090216055257146,physics_5,physics_3
0,2,train18.csv,0.375658256,0.17662070917600056,0.5298367429571399,physics_5,physics_3
0,2,train34.csv,0.700103573,0.24624531621313622,0.6482730188649727,physics_5,physics_3
0,2,train48.csv,0.132467063,0.04832012491306065,0.635229136822784,physics_5,physics_3
0,2,train50.csv,0.040152677,0.04038589028368227,0.005808162770374565,physics_5,physics_3
0,2,train04.csv,0.894736481,0.9107544902582074,0.017902488160877167,physics_5,physics_5
0,2,train04.csv,0.894736481,0.9107544902582074,0.017902488160877167,physics_5,nested_selection
0,2,train05.csv,0.054740135,0.05715837922662578,0.044176804215513545,physics_5,physics_5
0,2,train05.csv,0.054740135,0.05715837922662578,0.044176804215513545,physics_5,nested_selection
0,2,train07.csv,0.028737481,0.02852634537998499,0.007347046876342756,physics_5,physics_5
0,2,train07.csv,0.028737481,0.02852634537998499,0.007347046876342756,physics_5,nested_selection
0,2,train09.csv,0.033628754,0.034042466158117034,0.012302333833630498,physics_5,physics_5
0,2,train09.csv,0.033628754,0.034042466158117034,0.012302333833630498,physics_5,nested_selection
0,2,train18.csv,0.375658256,0.37896840011973,0.008811583578586284,physics_5,physics_5
0,2,train18.csv,0.375658256,0.37896840011973,0.008811583578586284,physics_5,nested_selection
0,2,train34.csv,0.700103573,0.6824051976359513,0.02527965296364617,physics_5,physics_5
0,2,train34.csv,0.700103573,0.6824051976359513,0.02527965296364617,physics_5,nested_selection
0,2,train48.csv,0.132467063,0.13647762254192072,0.03027589991876492,physics_5,physics_5
0,2,train48.csv,0.132467063,0.13647762254192072,0.03027589991876492,physics_5,nested_selection
0,2,train50.csv,0.040152677,0.03996270047110761,0.004731353998947309,physics_5,physics_5
0,2,train50.csv,0.040152677,0.03996270047110761,0.004731353998947309,physics_5,nested_selection
0,2,train04.csv,0.894736481,0.9107544902582074,0.017902488160877167,physics_5,physics_fitted
0,2,train05.csv,0.054740135,0.05715837922662578,0.044176804215513545,physics_5,physics_fitted
0,2,train07.csv,0.028737481,0.02852634537998499,0.007347046876342756,physics_5,physics_fitted
0,2,train09.csv,0.033628754,0.034042466158117034,0.012302333833630498,physics_5,physics_fitted
0,2,train18.csv,0.375658256,0.37896840011973,0.008811583578586284,physics_5,physics_fitted
0,2,train34.csv,0.700103573,0.6824051976359513,0.02527965296364617,physics_5,physics_fitted
0,2,train48.csv,0.132467063,0.13647762254192072,0.03027589991876492,physics_5,physics_fitted
0,2,train50.csv,0.040152677,0.03996270047110761,0.004731353998947309,physics_5,physics_fitted
0,2,train04.csv,0.894736481,0.40708903342667674,0.5450179554859609,physics_5,ridge_stats
0,2,train05.csv,0.054740135,0.07229188342945043,0.32063765333151684,physics_5,ridge_stats
0,2,train07.csv,0.028737481,0.05218647559704896,0.8159725132849662,physics_5,ridge_stats
0,2,train09.csv,0.033628754,0.042892000656425414,0.27545613662716784,physics_5,ridge_stats
0,2,train18.csv,0.375658256,0.26556816487912377,0.29305915512975245,physics_5,ridge_stats
0,2,train34.csv,0.700103573,0.5153086612757931,0.2639536760715931,physics_5,ridge_stats
0,2,train48.csv,0.132467063,0.15335399672263803,0.1576764310282778,physics_5,ridge_stats
0,2,train50.csv,0.040152677,0.06148675344505245,0.5313238876962663,physics_5,ridge_stats
0,2,train04.csv,0.894736481,0.7237015394076545,0.19115677657536526,physics_5,ridge_cycles
0,2,train05.csv,0.054740135,0.05029146061746576,0.0812689698798558,physics_5,ridge_cycles
0,2,train07.csv,0.028737481,0.03146315849455829,0.0948474744379401,physics_5,ridge_cycles
0,2,train09.csv,0.033628754,0.036854100539157005,0.09591037893217834,physics_5,ridge_cycles
0,2,train18.csv,0.375658256,0.36865011011420323,0.018655641860289077,physics_5,ridge_cycles
0,2,train34.csv,0.700103573,0.698715848324718,0.00198217053704714,physics_5,ridge_cycles
0,2,train48.csv,0.132467063,0.12466726203594071,0.05888105909058531,physics_5,ridge_cycles
0,2,train50.csv,0.040152677,0.04538848274855031,0.1303974265165512,physics_5,ridge_cycles
0,2,train04.csv,0.894736481,0.7466470543499732,0.165511778936872,physics_5,extra_trees
0,2,train05.csv,0.054740135,0.05500415959460336,0.0048232360881711595,physics_5,extra_trees
0,2,train07.csv,0.028737481,0.03376461010376574,0.17493283784218042,physics_5,extra_trees
0,2,train09.csv,0.033628754,0.03487410828117471,0.03703242413247641,physics_5,extra_trees
0,2,train18.csv,0.375658256,0.36949116371314117,0.01641676227890185,physics_5,extra_trees
0,2,train34.csv,0.700103573,0.6882909013253979,0.016872748733425036,physics_5,extra_trees
0,2,train48.csv,0.132467063,0.14078438424133904,0.06278784365694776,physics_5,extra_trees
0,2,train50.csv,0.040152677,0.04219296938877328,0.050813358939262844,physics_5,extra_trees
0,3,train20.csv,0.115031186,0.040152677,0.6509409457014552,physics_5,constant_mape
0,3,train31.csv,0.928338975,0.040152677,0.956747828022625,physics_5,constant_mape
0,3,train32.csv,0.05965584,0.040152677,0.32692797553433167,physics_5,constant_mape
0,3,train42.csv,0.132121434,0.040152677,0.6960926339930583,physics_5,constant_mape
0,3,train55.csv,0.055313708,0.040152677,0.27409174955329346,physics_5,constant_mape
0,3,train56.csv,0.0400505,0.040152677,0.002551204104817542,physics_5,constant_mape
0,3,train60.csv,0.038279074,0.040152677,0.048945880979252385,physics_5,constant_mape
0,3,train61.csv,0.103184684,0.040152677,0.6108659207601004,physics_5,constant_mape
0,3,train20.csv,0.115031186,0.07826933849517734,0.3195815742073863,physics_5,physics_3
0,3,train31.csv,0.928338975,0.21290856268845548,0.7706564429351299,physics_5,physics_3
0,3,train32.csv,0.05965584,0.056100144266486865,0.05960348112629269,physics_5,physics_3
0,3,train42.csv,0.132121434,0.12208898097704353,0.07593357655319181,physics_5,physics_3
0,3,train55.csv,0.055313708,0.04909848136222049,0.11236322536503092,physics_5,physics_3
0,3,train56.csv,0.0400505,0.06444136436000429,0.609002743037023,physics_5,physics_3
0,3,train60.csv,0.038279074,0.047753189448248204,0.24750116599602698,physics_5,physics_3
0,3,train61.csv,0.103184684,0.052920563627455966,0.4871277250075606,physics_5,physics_3
0,3,train20.csv,0.115031186,0.11241829735690126,0.022714611002087163,physics_5,physics_5
0,3,train20.csv,0.115031186,0.11241829735690126,0.022714611002087163,physics_5,nested_selection
0,3,train31.csv,0.928338975,0.9165162125288697,0.012735393848060977,physics_5,physics_5
0,3,train31.csv,0.928338975,0.9165162125288697,0.012735393848060977,physics_5,nested_selection
0,3,train32.csv,0.05965584,0.059759097212229245,0.0017308818755924576,physics_5,physics_5
0,3,train32.csv,0.05965584,0.059759097212229245,0.0017308818755924576,physics_5,nested_selection
0,3,train42.csv,0.132121434,0.13100834911792966,0.008424710876740465,physics_5,physics_5
0,3,train42.csv,0.132121434,0.13100834911792966,0.008424710876740465,physics_5,nested_selection
0,3,train55.csv,0.055313708,0.05034619320375449,0.08980621578010126,physics_5,physics_5
0,3,train55.csv,0.055313708,0.05034619320375449,0.08980621578010126,physics_5,nested_selection
0,3,train56.csv,0.0400505,0.034859174895176155,0.1296194830232793,physics_5,physics_5
0,3,train56.csv,0.0400505,0.034859174895176155,0.1296194830232793,physics_5,nested_selection
0,3,train60.csv,0.038279074,0.037174748830085126,0.028849317773854116,physics_5,physics_5
0,3,train60.csv,0.038279074,0.037174748830085126,0.028849317773854116,physics_5,nested_selection
0,3,train61.csv,0.103184684,0.10020849608213607,0.028843310872221393,physics_5,physics_5
0,3,train61.csv,0.103184684,0.10020849608213607,0.028843310872221393,physics_5,nested_selection
0,3,train20.csv,0.115031186,0.11241829735690126,0.022714611002087163,physics_5,physics_fitted
0,3,train31.csv,0.928338975,0.9165162125288697,0.012735393848060977,physics_5,physics_fitted
0,3,train32.csv,0.05965584,0.059759097212229245,0.0017308818755924576,physics_5,physics_fitted
0,3,train42.csv,0.132121434,0.13100834911792966,0.008424710876740465,physics_5,physics_fitted
0,3,train55.csv,0.055313708,0.05034619320375449,0.08980621578010126,physics_5,physics_fitted
0,3,train56.csv,0.0400505,0.034859174895176155,0.1296194830232793,physics_5,physics_fitted
0,3,train60.csv,0.038279074,0.037174748830085126,0.028849317773854116,physics_5,physics_fitted
0,3,train61.csv,0.103184684,0.10020849608213607,0.028843310872221393,physics_5,physics_fitted
0,3,train20.csv,0.115031186,0.20971666115719093,0.8231287396896955,physics_5,ridge_stats
0,3,train31.csv,0.928338975,0.8992207433201257,0.03136594763768726,physics_5,ridge_stats
0,3,train32.csv,0.05965584,0.061716638225112766,0.034544785977580136,physics_5,ridge_stats
0,3,train42.csv,0.132121434,0.11791640384792612,0.10751495591603924,physics_5,ridge_stats
0,3,train55.csv,0.055313708,0.06517648688000444,0.17830623251662014,physics_5,ridge_stats
0,3,train56.csv,0.0400505,0.09823683821163123,1.4528242646566516,physics_5,ridge_stats
0,3,train60.csv,0.038279074,0.04071706936182069,0.06369002974890901,physics_5,ridge_stats
0,3,train61.csv,0.103184684,0.14268663162976575,0.38282762614038485,physics_5,ridge_stats
0,3,train20.csv,0.115031186,0.12705578465444312,0.10453337979531153,physics_5,ridge_cycles
0,3,train31.csv,0.928338975,0.9533872815241785,0.02698185382573058,physics_5,ridge_cycles
0,3,train32.csv,0.05965584,0.05386863393407257,0.09700988312171001,physics_5,ridge_cycles
0,3,train42.csv,0.132121434,0.14422753058275029,0.09162855879047055,physics_5,ridge_cycles
0,3,train55.csv,0.055313708,0.05746431960258276,0.03888026459160464,physics_5,ridge_cycles
0,3,train56.csv,0.0400505,0.05617635673661175,0.40263808782940896,physics_5,ridge_cycles
0,3,train60.csv,0.038279074,0.04019137435284784,0.04995680806823696,physics_5,ridge_cycles
0,3,train61.csv,0.103184684,0.10603820258042873,0.027654478066034802,physics_5,ridge_cycles
0,3,train20.csv,0.115031186,0.11341378807648245,0.014060516802091798,physics_5,extra_trees
0,3,train31.csv,0.928338975,0.7878489248881014,0.15133486139790536,physics_5,extra_trees
0,3,train32.csv,0.05965584,0.05793679552798211,0.028816029948080406,physics_5,extra_trees
0,3,train42.csv,0.132121434,0.13284911117637216,0.0055076391039787604,physics_5,extra_trees
0,3,train55.csv,0.055313708,0.053330005896917325,0.035862757620275215,physics_5,extra_trees
0,3,train56.csv,0.0400505,0.03937817581120492,0.016786911244431046,physics_5,extra_trees
0,3,train60.csv,0.038279074,0.03747927264002468,0.020893957883498515,physics_5,extra_trees
0,3,train61.csv,0.103184684,0.11092137866721649,0.074979099293617,physics_5,extra_trees
0,4,train12.csv,0.054978382,0.043912869,0.20127025564339088,physics_5,constant_mape
0,4,train16.csv,0.61202604,0.043912869,0.928249998970632,physics_5,constant_mape
0,4,train25.csv,0.057598512,0.043912869,0.23760410685609373,physics_5,constant_mape
0,4,train27.csv,0.672913029,0.043912869,0.9347421329242831,physics_5,constant_mape
0,4,train28.csv,0.159309086,0.043912869,0.7243542719214395,physics_5,constant_mape
0,4,train33.csv,0.028831268,0.043912869,0.52309877595394,physics_5,constant_mape
0,4,train47.csv,0.072398903,0.043912869,0.3934594699590959,physics_5,constant_mape
0,4,train58.csv,0.031759612,0.043912869,0.3826639003020566,physics_5,constant_mape
0,4,train12.csv,0.054978382,0.052920541731475874,0.037429989637092716,physics_5,physics_3
0,4,train16.csv,0.61202604,0.24085877377702591,0.60645665701246,physics_5,physics_3
0,4,train25.csv,0.057598512,0.0529601815395105,0.08052865081808878,physics_5,physics_3
0,4,train27.csv,0.672913029,0.22714669678602598,0.6624427125098421,physics_5,physics_3
0,4,train28.csv,0.159309086,0.0626729515090391,0.6065952477497794,physics_5,physics_3
0,4,train33.csv,0.028831268,0.0636019836619801,1.206007160766571,physics_5,physics_3
0,4,train47.csv,0.072398903,0.06696892000032993,0.07500090159750167,physics_5,physics_3
0,4,train58.csv,0.031759612,0.044087997109981125,0.3881780769230155,physics_5,physics_3
0,4,train12.csv,0.054978382,0.047450369906803916,0.13692676683711943,physics_5,physics_5
0,4,train12.csv,0.054978382,0.047450369906803916,0.13692676683711943,physics_5,nested_selection
0,4,train16.csv,0.61202604,0.5988419653587054,0.021541689045280938,physics_5,physics_5
0,4,train16.csv,0.61202604,0.5988419653587054,0.021541689045280938,physics_5,nested_selection
0,4,train25.csv,0.057598512,0.0559911580694669,0.02790617109228622,physics_5,physics_5
0,4,train25.csv,0.057598512,0.0559911580694669,0.02790617109228622,physics_5,nested_selection
0,4,train27.csv,0.672913029,0.657565793973357,0.022807159863511922,physics_5,physics_5
0,4,train27.csv,0.672913029,0.657565793973357,0.022807159863511922,physics_5,nested_selection
0,4,train28.csv,0.159309086,0.1681281314070625,0.05535808175475014,physics_5,physics_5
0,4,train28.csv,0.159309086,0.1681281314070625,0.05535808175475014,physics_5,nested_selection
0,4,train33.csv,0.028831268,0.029178592801648064,0.012046809791649241,physics_5,physics_5
0,4,train33.csv,0.028831268,0.029178592801648064,0.012046809791649241,physics_5,nested_selection
0,4,train47.csv,0.072398903,0.07241248480697293,0.0001875968614183497,physics_5,physics_5
0,4,train47.csv,0.072398903,0.07241248480697293,0.0001875968614183497,physics_5,nested_selection
0,4,train58.csv,0.031759612,0.032244601289539994,0.015270630180872309,physics_5,physics_5
0,4,train58.csv,0.031759612,0.032244601289539994,0.015270630180872309,physics_5,nested_selection
0,4,train12.csv,0.054978382,0.047450369906803916,0.13692676683711943,physics_5,physics_fitted
0,4,train16.csv,0.61202604,0.5988419653587054,0.021541689045280938,physics_5,physics_fitted
0,4,train25.csv,0.057598512,0.0559911580694669,0.02790617109228622,physics_5,physics_fitted
0,4,train27.csv,0.672913029,0.657565793973357,0.022807159863511922,physics_5,physics_fitted
0,4,train28.csv,0.159309086,0.1681281314070625,0.05535808175475014,physics_5,physics_fitted
0,4,train33.csv,0.028831268,0.029178592801648064,0.012046809791649241,physics_5,physics_fitted
0,4,train47.csv,0.072398903,0.07241248480697293,0.0001875968614183497,physics_5,physics_fitted
0,4,train58.csv,0.031759612,0.032244601289539994,0.015270630180872309,physics_5,physics_fitted
0,4,train12.csv,0.054978382,0.07685020167330261,0.3978258158507214,physics_5,ridge_stats
0,4,train16.csv,0.61202604,0.38491388631666024,0.3710825011356376,physics_5,ridge_stats
0,4,train25.csv,0.057598512,0.07147000745321663,0.2408307953027786,physics_5,ridge_stats
0,4,train27.csv,0.672913029,0.5173959057240114,0.2311102870263917,physics_5,ridge_stats
0,4,train28.csv,0.159309086,0.13293489237323322,0.16555360581735287,physics_5,ridge_stats
0,4,train33.csv,0.028831268,0.026457645547130523,0.08232806315939614,physics_5,ridge_stats
0,4,train47.csv,0.072398903,0.10460074260544597,0.4447835294610191,physics_5,ridge_stats
0,4,train58.csv,0.031759612,0.03172561686551379,0.001070388847515166,physics_5,ridge_stats
0,4,train12.csv,0.054978382,0.05872513203347749,0.0681495143577978,physics_5,ridge_cycles
0,4,train16.csv,0.61202604,0.5850233071627762,0.044120235206371074,physics_5,ridge_cycles
0,4,train25.csv,0.057598512,0.06437316967043882,0.11761862303732475,physics_5,ridge_cycles
0,4,train27.csv,0.672913029,0.6461343968830914,0.039795086382416696,physics_5,ridge_cycles
0,4,train28.csv,0.159309086,0.1432520894896108,0.1007914671633305,physics_5,ridge_cycles
0,4,train33.csv,0.028831268,0.032342496704486405,0.12178544157289249,physics_5,ridge_cycles
0,4,train47.csv,0.072398903,0.0792246005578302,0.09427901908721192,physics_5,ridge_cycles
0,4,train58.csv,0.031759612,0.03415471174605682,0.07541338181514366,physics_5,ridge_cycles
0,4,train12.csv,0.054978382,0.052495309213265035,0.04516453006447088,physics_5,extra_trees
0,4,train16.csv,0.61202604,0.5895557589107207,0.03671458340118894,physics_5,extra_trees
0,4,train25.csv,0.057598512,0.055435842659792296,0.037547312684183605,physics_5,extra_trees
0,4,train27.csv,0.672913029,0.6886846947058733,0.02343789617108646,physics_5,extra_trees
0,4,train28.csv,0.159309086,0.1583954535819724,0.005734967420675444,physics_5,extra_trees
0,4,train33.csv,0.028831268,0.03151169803874787,0.09296955093157437,physics_5,extra_trees
0,4,train47.csv,0.072398903,0.0713428084903038,0.014587161765368123,physics_5,extra_trees
0,4,train58.csv,0.031759612,0.033408805099580025,0.0519273692506075,physics_5,extra_trees
0,5,train02.csv,0.149208849,0.040152677,0.7308961414212103,physics_5,constant_mape
0,5,train03.csv,0.111297606,0.040152677,0.6392314404318813,physics_5,constant_mape
0,5,train22.csv,0.080670606,0.040152677,0.5022638481233177,physics_5,constant_mape
0,5,train30.csv,0.09275185,0.040152677,0.5670956751806029,physics_5,constant_mape
0,5,train38.csv,0.035914277,0.040152677,0.11801434844421332,physics_5,constant_mape
0,5,train44.csv,0.141935868,0.040152677,0.7171069049297673,physics_5,constant_mape
0,5,train46.csv,0.094676808,0.040152677,0.5758974362549274,physics_5,constant_mape
0,5,train49.csv,0.476568618,0.040152677,0.915746283990525,physics_5,constant_mape
0,5,train02.csv,0.149208849,0.06718660859653743,0.5497143162297471,physics_5,physics_3
0,5,train03.csv,0.111297606,0.07346617140731027,0.3399123840335769,physics_5,physics_3
0,5,train22.csv,0.080670606,0.08333692801408674,0.03305196460389464,physics_5,physics_3
0,5,train30.csv,0.09275185,0.0914212839588813,0.01434543937526526,physics_5,physics_3
0,5,train38.csv,0.035914277,0.024231162178560653,0.3253055831094511,physics_5,physics_3
0,5,train44.csv,0.141935868,0.0986784163393132,0.30476758461565756,physics_5,physics_3
0,5,train46.csv,0.094676808,0.0859070154656194,0.0926287305163542,physics_5,physics_3
0,5,train49.csv,0.476568618,0.20259703557218245,0.5748838091303309,physics_5,physics_3
0,5,train02.csv,0.149208849,0.1474174315895072,0.012006107027156251,physics_5,physics_5
0,5,train02.csv,0.149208849,0.1474174315895072,0.012006107027156251,physics_5,nested_selection
0,5,train03.csv,0.111297606,0.11285498695374088,0.013992942074072007,physics_5,physics_5
0,5,train03.csv,0.111297606,0.11285498695374088,0.013992942074072007,physics_5,nested_selection
0,5,train22.csv,0.080670606,0.08303116362436973,0.029261682060126356,physics_5,physics_5
0,5,train22.csv,0.080670606,0.08303116362436973,0.029261682060126356,physics_5,nested_selection
0,5,train30.csv,0.09275185,0.09283950051238526,0.0009450001523987692,physics_5,physics_5
0,5,train30.csv,0.09275185,0.09283950051238526,0.0009450001523987692,physics_5,nested_selection
0,5,train38.csv,0.035914277,0.037390069524386824,0.04109208503311433,physics_5,physics_5
0,5,train38.csv,0.035914277,0.037390069524386824,0.04109208503311433,physics_5,nested_selection
0,5,train44.csv,0.141935868,0.14218668472729842,0.001767113068970211,physics_5,physics_5
0,5,train44.csv,0.141935868,0.14218668472729842,0.001767113068970211,physics_5,nested_selection
0,5,train46.csv,0.094676808,0.09488824315664046,0.0022332307257386668,physics_5,physics_5
0,5,train46.csv,0.094676808,0.09488824315664046,0.0022332307257386668,physics_5,nested_selection
0,5,train49.csv,0.476568618,0.48193717526936286,0.011265024734303552,physics_5,physics_5
0,5,train49.csv,0.476568618,0.48193717526936286,0.011265024734303552,physics_5,nested_selection
0,5,train02.csv,0.149208849,0.1474174315895072,0.012006107027156251,physics_5,physics_fitted
0,5,train03.csv,0.111297606,0.11285498695374088,0.013992942074072007,physics_5,physics_fitted
0,5,train22.csv,0.080670606,0.08303116362436973,0.029261682060126356,physics_5,physics_fitted
0,5,train30.csv,0.09275185,0.09283950051238526,0.0009450001523987692,physics_5,physics_fitted
0,5,train38.csv,0.035914277,0.037390069524386824,0.04109208503311433,physics_5,physics_fitted
0,5,train44.csv,0.141935868,0.14218668472729842,0.001767113068970211,physics_5,physics_fitted
0,5,train46.csv,0.094676808,0.09488824315664046,0.0022332307257386668,physics_5,physics_fitted
0,5,train49.csv,0.476568618,0.48193717526936286,0.011265024734303552,physics_5,physics_fitted
0,5,train02.csv,0.149208849,0.18320912990569294,0.22787040536511965,physics_5,ridge_stats
0,5,train03.csv,0.111297606,0.12597259720887347,0.13185361065963516,physics_5,ridge_stats
0,5,train22.csv,0.080670606,0.09339448484696221,0.1577263327730822,physics_5,ridge_stats
0,5,train30.csv,0.09275185,0.18167673538063253,0.9587397489174883,physics_5,ridge_stats
0,5,train38.csv,0.035914277,0.0580281417327512,0.6157402175394258,physics_5,ridge_stats
0,5,train44.csv,0.141935868,0.1541948990731775,0.08637021244818467,physics_5,ridge_stats
0,5,train46.csv,0.094676808,0.1138051852124365,0.20203867891740182,physics_5,ridge_stats
0,5,train49.csv,0.476568618,0.28607087740208254,0.3997278322634275,physics_5,ridge_stats
0,5,train02.csv,0.149208849,0.15746310906812164,0.05532017788114988,physics_5,ridge_cycles
0,5,train03.csv,0.111297606,0.11194106471334435,0.005781424564912522,physics_5,ridge_cycles
0,5,train22.csv,0.080670606,0.0757420010284069,0.06109542516134192,physics_5,ridge_cycles
0,5,train30.csv,0.09275185,0.12455802495048611,0.34291687929120673,physics_5,ridge_cycles
0,5,train38.csv,0.035914277,0.036228277991997085,0.00874306872437063,physics_5,ridge_cycles
0,5,train44.csv,0.141935868,0.14281002718224725,0.0061588321159754935,physics_5,ridge_cycles
0,5,train46.csv,0.094676808,0.10469446554687073,0.10580899122487028,physics_5,ridge_cycles
0,5,train49.csv,0.476568618,0.45502714787897447,0.04520119308616651,physics_5,ridge_cycles
0,5,train02.csv,0.149208849,0.14331816092756042,0.039479482027500845,physics_5,extra_trees
0,5,train03.csv,0.111297606,0.1095818421928147,0.01541599921911438,physics_5,extra_trees
0,5,train22.csv,0.080670606,0.07880559173847018,0.023118882502628325,physics_5,extra_trees
0,5,train30.csv,0.09275185,0.09778328516226024,0.05424619737784473,physics_5,extra_trees
0,5,train38.csv,0.035914277,0.04191629907199143,0.16712078241172526,physics_5,extra_trees
0,5,train44.csv,0.141935868,0.13263728473081832,0.06551256845931062,physics_5,extra_trees
0,5,train46.csv,0.094676808,0.10221979019464265,0.07967085449947418,physics_5,extra_trees
0,5,train49.csv,0.476568618,0.42230023762784047,0.11387317234589611,physics_5,extra_trees
0,6,train11.csv,0.056409053,0.043912869,0.22152798771502155,physics_5,constant_mape
0,6,train19.csv,0.033974091,0.043912869,0.2925399240262235,physics_5,constant_mape
0,6,train23.csv,0.789624017,0.043912869,0.944387622394216,physics_5,constant_mape
0,6,train24.csv,0.060708901,0.043912869,0.276665064320634,physics_5,constant_mape
0,6,train36.csv,0.332861874,0.043912869,0.8680748009007483,physics_5,constant_mape
0,6,train40.csv,0.178849028,0.043912869,0.754469624514817,physics_5,constant_mape
0,6,train54.csv,0.832608215,0.043912869,0.9472586647490621,physics_5,constant_mape
0,6,train63.csv,0.03208265,0.043912869,0.36874195242599983,physics_5,constant_mape
0,6,train11.csv,0.056409053,0.07703468971892886,0.365644087641905,physics_5,physics_3
0,6,train19.csv,0.033974091,0.06924735921628948,1.038240234780365,physics_5,physics_3
0,6,train23.csv,0.789624017,0.2728841940637226,0.6544124948219217,physics_5,physics_3
0,6,train24.csv,0.060708901,0.06416092701211691,0.056861942075296476,physics_5,physics_3
0,6,train36.csv,0.332861874,0.16104707350509323,0.5161744672954247,physics_5,physics_3
0,6,train40.csv,0.178849028,0.08290748129103669,0.5364387370836777,physics_5,physics_3
0,6,train54.csv,0.832608215,0.16304203161283898,0.8041791701360538,physics_5,physics_3
0,6,train63.csv,0.03208265,0.06010710900234917,0.8735082358330492,physics_5,physics_3
0,6,train11.csv,0.056409053,0.057264343522276044,0.015162291809366901,physics_5,physics_5
0,6,train11.csv,0.056409053,0.057264343522276044,0.015162291809366901,physics_5,nested_selection
0,6,train19.csv,0.033974091,0.03474049808964119,0.022558575287303317,physics_5,physics_5
0,6,train19.csv,0.033974091,0.03474049808964119,0.022558575287303317,physics_5,nested_selection
0,6,train23.csv,0.789624017,0.7685128927313648,0.02673566636035483,physics_5,physics_5
0,6,train23.csv,0.789624017,0.7685128927313648,0.02673566636035483,physics_5,nested_selection
0,6,train24.csv,0.060708901,0.058826667411034275,0.03100424415467062,physics_5,physics_5
0,6,train24.csv,0.060708901,0.058826667411034275,0.03100424415467062,physics_5,nested_selection
0,6,train36.csv,0.332861874,0.35153325168448324,0.05609347042396101,physics_5,physics_5
0,6,train36.csv,0.332861874,0.35153325168448324,0.05609347042396101,physics_5,nested_selection
0,6,train40.csv,0.178849028,0.18278896389980892,0.0220293950929883,physics_5,physics_5
0,6,train40.csv,0.178849028,0.18278896389980892,0.0220293950929883,physics_5,nested_selection
0,6,train54.csv,0.832608215,0.8501154147823698,0.021026936159127145,physics_5,physics_5
0,6,train54.csv,0.832608215,0.8501154147823698,0.021026936159127145,physics_5,nested_selection
0,6,train63.csv,0.03208265,0.03236770177086017,0.008884919757569146,physics_5,physics_5
0,6,train63.csv,0.03208265,0.03236770177086017,0.008884919757569146,physics_5,nested_selection
0,6,train11.csv,0.056409053,0.057264343522276044,0.015162291809366901,physics_5,physics_fitted
0,6,train19.csv,0.033974091,0.03474049808964119,0.022558575287303317,physics_5,physics_fitted
0,6,train23.csv,0.789624017,0.7685128927313648,0.02673566636035483,physics_5,physics_fitted
0,6,train24.csv,0.060708901,0.058826667411034275,0.03100424415467062,physics_5,physics_fitted
0,6,train36.csv,0.332861874,0.35153325168448324,0.05609347042396101,physics_5,physics_fitted
0,6,train40.csv,0.178849028,0.18278896389980892,0.0220293950929883,physics_5,physics_fitted
0,6,train54.csv,0.832608215,0.8501154147823698,0.021026936159127145,physics_5,physics_fitted
0,6,train63.csv,0.03208265,0.03236770177086017,0.008884919757569146,physics_5,physics_fitted
0,6,train11.csv,0.056409053,0.05186212721902944,0.08060631297906312,physics_5,ridge_stats
0,6,train19.csv,0.033974091,0.021934400782482707,0.35437858271225836,physics_5,ridge_stats
0,6,train23.csv,0.789624017,0.6595198281723549,0.1647672639466399,physics_5,ridge_stats
0,6,train24.csv,0.060708901,0.054836359539703367,0.0967327914616118,physics_5,ridge_stats
0,6,train36.csv,0.332861874,0.27032069371508305,0.18788928732918495,physics_5,ridge_stats
0,6,train40.csv,0.178849028,0.19522311297419498,0.09155255221289202,physics_5,ridge_stats
0,6,train54.csv,0.832608215,0.5853873990326989,0.2969233446337077,physics_5,ridge_stats
0,6,train63.csv,0.03208265,0.017445908504650404,0.4562198414205059,physics_5,ridge_stats
0,6,train11.csv,0.056409053,0.04818013742709727,0.1458793426810893,physics_5,ridge_cycles
0,6,train19.csv,0.033974091,0.029861666328736006,0.1210459073434516,physics_5,ridge_cycles
0,6,train23.csv,0.789624017,0.767582722864382,0.027913657210375798,physics_5,ridge_cycles
0,6,train24.csv,0.060708901,0.058018430480133366,0.04431756259047806,physics_5,ridge_cycles
0,6,train36.csv,0.332861874,0.3575138820692801,0.07406077413744322,physics_5,ridge_cycles
0,6,train40.csv,0.178849028,0.18284364540045947,0.022335136204707118,physics_5,ridge_cycles
0,6,train54.csv,0.832608215,0.7218028179557929,0.13308227693166239,physics_5,ridge_cycles
0,6,train63.csv,0.03208265,0.02771909154325403,0.13600991366816545,physics_5,ridge_cycles
0,6,train11.csv,0.056409053,0.0542086261111326,0.03900839974866094,physics_5,extra_trees
0,6,train19.csv,0.033974091,0.033243737401851686,0.021497369808902666,physics_5,extra_trees
0,6,train23.csv,0.789624017,0.7790755297287525,0.01335887339309167,physics_5,extra_trees
0,6,train24.csv,0.060708901,0.05533439361520164,0.08852914970077222,physics_5,extra_trees
0,6,train36.csv,0.332861874,0.3734099849106222,0.12181662748982244,physics_5,extra_trees
0,6,train40.csv,0.178849028,0.19130065164291593,0.06962086281461892,physics_5,extra_trees
0,6,train54.csv,0.832608215,0.7047663740590177,0.1535438140506245,physics_5,extra_trees
0,6,train63.csv,0.03208265,0.03204968646456649,0.0010274567541492675,physics_5,extra_trees
0,7,train08.csv,0.078418334,0.0400505,0.4892712206816329,physics_5,constant_mape
0,7,train15.csv,0.051323979,0.0400505,0.21965325408616498,physics_5,constant_mape
0,7,train21.csv,0.056276601,0.0400505,0.28832766570248264,physics_5,constant_mape
0,7,train29.csv,0.045191049,0.0400505,0.11375148649459309,physics_5,constant_mape
0,7,train39.csv,0.542141961,0.0400505,0.9261254378352758,physics_5,constant_mape
0,7,train43.csv,0.435326638,0.0400505,0.9079989678922428,physics_5,constant_mape
0,7,train52.csv,0.616000631,0.0400505,0.934983021145639,physics_5,constant_mape
0,7,train64.csv,0.280285955,0.0400505,0.8571084305669188,physics_5,constant_mape
0,7,train08.csv,0.078418334,0.059787681355320914,0.23758031692791498,physics_5,physics_3
0,7,train15.csv,0.051323979,0.048419987152890594,0.05658158045597761,physics_5,physics_3
0,7,train21.csv,0.056276601,0.04738393779242125,0.15801706303439958,physics_5,physics_3
0,7,train29.csv,0.045191049,0.03261764962050071,0.27822765033622665,physics_5,physics_3
0,7,train39.csv,0.542141961,0.1685504146049675,0.6891028056672273,physics_5,physics_3
0,7,train43.csv,0.435326638,0.21510440562222163,0.5058781456368824,physics_5,physics_3
0,7,train52.csv,0.616000631,0.2364745034582407,0.6161132122959778,physics_5,physics_3
0,7,train64.csv,0.280285955,0.1584510144474639,0.4346808620950561,physics_5,physics_3
0,7,train08.csv,0.078418334,0.07913908806627257,0.009191142294256861,physics_5,physics_5
0,7,train08.csv,0.078418334,0.07913908806627257,0.009191142294256861,physics_5,nested_selection
0,7,train15.csv,0.051323979,0.05152273072559622,0.003872492536017502,physics_5,physics_5
0,7,train15.csv,0.051323979,0.05152273072559622,0.003872492536017502,physics_5,nested_selection
0,7,train21.csv,0.056276601,0.05025202929437395,0.10705287097253884,physics_5,physics_5
0,7,train21.csv,0.056276601,0.05025202929437395,0.10705287097253884,physics_5,nested_selection
0,7,train29.csv,0.045191049,0.04725870376672124,0.045753635121885405,physics_5,physics_5
0,7,train29.csv,0.045191049,0.04725870376672124,0.045753635121885405,physics_5,nested_selection
0,7,train39.csv,0.542141961,0.5437420155268242,0.00295135710187947,physics_5,physics_5
0,7,train39.csv,0.542141961,0.5437420155268242,0.00295135710187947,physics_5,nested_selection
0,7,train43.csv,0.435326638,0.4343566194515129,0.0022282545192814644,physics_5,physics_5
0,7,train43.csv,0.435326638,0.4343566194515129,0.0022282545192814644,physics_5,nested_selection
0,7,train52.csv,0.616000631,0.6078199326757062,0.01328034081882913,physics_5,physics_5
0,7,train52.csv,0.616000631,0.6078199326757062,0.01328034081882913,physics_5,nested_selection
0,7,train64.csv,0.280285955,0.2723968645364191,0.02814657788893091,physics_5,physics_5
0,7,train64.csv,0.280285955,0.2723968645364191,0.02814657788893091,physics_5,nested_selection
0,7,train08.csv,0.078418334,0.07913908806627257,0.009191142294256861,physics_5,physics_fitted
0,7,train15.csv,0.051323979,0.05152273072559622,0.003872492536017502,physics_5,physics_fitted
0,7,train21.csv,0.056276601,0.05025202929437395,0.10705287097253884,physics_5,physics_fitted
0,7,train29.csv,0.045191049,0.04725870376672124,0.045753635121885405,physics_5,physics_fitted
0,7,train39.csv,0.542141961,0.5437420155268242,0.00295135710187947,physics_5,physics_fitted
0,7,train43.csv,0.435326638,0.4343566194515129,0.0022282545192814644,physics_5,physics_fitted
0,7,train52.csv,0.616000631,0.6078199326757062,0.01328034081882913,physics_5,physics_fitted
0,7,train64.csv,0.280285955,0.2723968645364191,0.02814657788893091,physics_5,physics_fitted
0,7,train08.csv,0.078418334,0.12321236052741753,0.5712187984944633,physics_5,ridge_stats
0,7,train15.csv,0.051323979,0.0801589320323571,0.561822243601906,physics_5,ridge_stats
0,7,train21.csv,0.056276601,0.061431065405527875,0.09159160848267778,physics_5,ridge_stats
0,7,train29.csv,0.045191049,0.07482833578900766,0.6558220586782056,physics_5,ridge_stats
0,7,train39.csv,0.542141961,0.38256813151139146,0.29433956595846034,physics_5,ridge_stats
0,7,train43.csv,0.435326638,0.25072261694729725,0.42405863767220864,physics_5,ridge_stats
0,7,train52.csv,0.616000631,0.37181657997168893,0.3964022741858378,physics_5,ridge_stats
0,7,train64.csv,0.280285955,0.26644766535270425,0.04937204094759483,physics_5,ridge_stats
0,7,train08.csv,0.078418334,0.08391371153129275,0.07007771334816602,physics_5,ridge_cycles
0,7,train15.csv,0.051323979,0.05746047282881849,0.11956387537331221,physics_5,ridge_cycles
0,7,train21.csv,0.056276601,0.056596862839551204,0.0056908525721232105,physics_5,ridge_cycles
0,7,train29.csv,0.045191049,0.050834595802485276,0.12488196063971162,physics_5,ridge_cycles
0,7,train39.csv,0.542141961,0.4951031612254666,0.0867647279833656,physics_5,ridge_cycles
0,7,train43.csv,0.435326638,0.40375394798758546,0.07252643706221931,physics_5,ridge_cycles
0,7,train52.csv,0.616000631,0.5695511999494861,0.07540484329554836,physics_5,ridge_cycles
0,7,train64.csv,0.280285955,0.28917029575854786,0.031697416870381113,physics_5,ridge_cycles
0,7,train08.csv,0.078418334,0.08383380727762678,0.06905876472237694,physics_5,extra_trees
0,7,train15.csv,0.051323979,0.05486995395773927,0.06909002432838011,physics_5,extra_trees
0,7,train21.csv,0.056276601,0.053745923919485496,0.04496854883816644,physics_5,extra_trees
0,7,train29.csv,0.045191049,0.05097455505566626,0.12797901760736433,physics_5,extra_trees
0,7,train39.csv,0.542141961,0.5319723001026677,0.018758298801616443,physics_5,extra_trees
0,7,train43.csv,0.435326638,0.43790820558343635,0.005930185194493799,physics_5,extra_trees
0,7,train52.csv,0.616000631,0.594704810772338,0.03457110132028739,physics_5,extra_trees
0,7,train64.csv,0.280285955,0.29754306592154833,0.061569659890908054,physics_5,extra_trees
1,0,train01.csv,0.103662995,0.043912869,0.5763881894402144,physics_5,constant_mape
1,0,train33.csv,0.028831268,0.043912869,0.52309877595394,physics_5,constant_mape
1,0,train34.csv,0.700103573,0.043912869,0.9372766106422942,physics_5,constant_mape
1,0,train35.csv,0.028827561,0.043912869,0.5232946346033228,physics_5,constant_mape
1,0,train36.csv,0.332861874,0.043912869,0.8680748009007483,physics_5,constant_mape
1,0,train44.csv,0.141935868,0.043912869,0.6906147148090855,physics_5,constant_mape
1,0,train61.csv,0.103184684,0.043912869,0.5744245434719749,physics_5,constant_mape
1,0,train62.csv,0.046122257,0.043912869,0.0479028595673451,physics_5,constant_mape
1,0,train01.csv,0.103662995,0.09593070238275624,0.07459067353054731,physics_5,physics_3
1,0,train33.csv,0.028831268,0.06397139433560758,1.2188200094289152,physics_5,physics_3
1,0,train34.csv,0.700103573,0.24624531621313622,0.6482730188649727,physics_5,physics_3
1,0,train35.csv,0.028827561,0.058437229369827356,1.0271305425327988,physics_5,physics_3
1,0,train36.csv,0.332861874,0.15827108504699336,0.5245142282441354,physics_5,physics_3
1,0,train44.csv,0.141935868,0.10249181227898799,0.27790054957082455,physics_5,physics_3
1,0,train61.csv,0.103184684,0.05417715536614353,0.4749496411100747,physics_5,physics_3
1,0,train62.csv,0.046122257,0.052037313053305105,0.12824732435156208,physics_5,physics_3
1,0,train01.csv,0.103662995,0.10391253759378129,0.002407248544008336,physics_5,physics_5
1,0,train01.csv,0.103662995,0.10391253759378129,0.002407248544008336,physics_5,nested_selection
1,0,train33.csv,0.028831268,0.029178592801648064,0.012046809791649241,physics_5,physics_5
1,0,train33.csv,0.028831268,0.029178592801648064,0.012046809791649241,physics_5,nested_selection
1,0,train34.csv,0.700103573,0.6820878252899372,0.025732974955211187,physics_5,physics_5
1,0,train34.csv,0.700103573,0.6820878252899372,0.025732974955211187,physics_5,nested_selection
1,0,train35.csv,0.028827561,0.02942425975297601,0.020698898286123046,physics_5,physics_5
1,0,train35.csv,0.028827561,0.02942425975297601,0.020698898286123046,physics_5,nested_selection
1,0,train36.csv,0.332861874,0.3510814048802841,0.054736010049273795,physics_5,physics_5
1,0,train36.csv,0.332861874,0.3510814048802841,0.054736010049273795,physics_5,nested_selection
1,0,train44.csv,0.141935868,0.14186985660447315,0.0004650790279933908,physics_5,physics_5
1,0,train44.csv,0.141935868,0.14186985660447315,0.0004650790279933908,physics_5,nested_selection
1,0,train61.csv,0.103184684,0.10050424713871674,0.025977080680726426,physics_5,physics_5
1,0,train61.csv,0.103184684,0.10050424713871674,0.025977080680726426,physics_5,nested_selection
1,0,train62.csv,0.046122257,0.04242721160483766,0.08011414955608832,physics_5,physics_5
1,0,train62.csv,0.046122257,0.04242721160483766,0.08011414955608832,physics_5,nested_selection
1,0,train01.csv,0.103662995,0.10391253759378129,0.002407248544008336,physics_5,physics_fitted
1,0,train33.csv,0.028831268,0.029178592801648064,0.012046809791649241,physics_5,physics_fitted
1,0,train34.csv,0.700103573,0.6820878252899372,0.025732974955211187,physics_5,physics_fitted
1,0,train35.csv,0.028827561,0.02942425975297601,0.020698898286123046,physics_5,physics_fitted
1,0,train36.csv,0.332861874,0.3510814048802841,0.054736010049273795,physics_5,physics_fitted
1,0,train44.csv,0.141935868,0.14186985660447315,0.0004650790279933908,physics_5,physics_fitted
1,0,train61.csv,0.103184684,0.10050424713871674,0.025977080680726426,physics_5,physics_fitted
1,0,train62.csv,0.046122257,0.04242721160483766,0.08011414955608832,physics_5,physics_fitted
1,0,train01.csv,0.103662995,0.17795828712012288,0.7167002276957452,physics_5,ridge_stats
1,0,train33.csv,0.028831268,0.025949892710403714,0.09993924962288465,physics_5,ridge_stats
1,0,train34.csv,0.700103573,0.5431290115195712,0.2242161981944761,physics_5,ridge_stats
1,0,train35.csv,0.028827561,0.020238023980449434,0.2979626691120545,physics_5,ridge_stats
1,0,train36.csv,0.332861874,0.30255032965886913,0.09106343113699729,physics_5,ridge_stats
1,0,train44.csv,0.141935868,0.15334000573016945,0.08034711655949757,physics_5,ridge_stats
1,0,train61.csv,0.103184684,0.14051395971555097,0.36177147875503474,physics_5,ridge_stats
1,0,train62.csv,0.046122257,0.05241484461140243,0.13643277716011232,physics_5,ridge_stats
1,0,train01.csv,0.103662995,0.11188832474711295,0.07934682715961427,physics_5,ridge_cycles
1,0,train33.csv,0.028831268,0.03167191882825079,0.09852673938068862,physics_5,ridge_cycles
1,0,train34.csv,0.700103573,0.6999128715627935,0.0002723903213197343,physics_5,ridge_cycles
1,0,train35.csv,0.028827561,0.026772346839953942,0.07129337650334204,physics_5,ridge_cycles
1,0,train36.csv,0.332861874,0.3672022922601126,0.1031671721589616,physics_5,ridge_cycles
1,0,train44.csv,0.141935868,0.1420468077727441,0.0007816190108063121,physics_5,ridge_cycles
1,0,train61.csv,0.103184684,0.10266595624758952,0.005027177797147469,physics_5,ridge_cycles
1,0,train62.csv,0.046122257,0.04634566420300591,0.004843804651752245,physics_5,ridge_cycles
1,0,train01.csv,0.103662995,0.10496040534306257,0.012515655592070992,physics_5,extra_trees
1,0,train33.csv,0.028831268,0.03135217598012839,0.08743659765947134,physics_5,extra_trees
1,0,train34.csv,0.700103573,0.6823444922383645,0.025366362130586597,physics_5,extra_trees
1,0,train35.csv,0.028827561,0.030846714589240796,0.07004247044142216,physics_5,extra_trees
1,0,train36.csv,0.332861874,0.35522122785120436,0.06717306966554047,physics_5,extra_trees
1,0,train44.csv,0.141935868,0.13030444337486793,0.08194845171293882,physics_5,extra_trees
1,0,train61.csv,0.103184684,0.11120562441560977,0.0777338273925399,physics_5,extra_trees
1,0,train62.csv,0.046122257,0.04263118012690654,0.07569180478512709,physics_5,extra_trees
1,1,train04.csv,0.894736481,0.040152677,0.9551234605354154,physics_5,constant_mape
1,1,train05.csv,0.054740135,0.040152677,0.26648560512318803,physics_5,constant_mape
1,1,train11.csv,0.056409053,0.040152677,0.28818735886241525,physics_5,constant_mape
1,1,train21.csv,0.056276601,0.040152677,0.2865120443219377,physics_5,constant_mape
1,1,train26.csv,0.028622651,0.040152677,0.4028287247047801,physics_5,constant_mape
1,1,train30.csv,0.09275185,0.040152677,0.5670956751806029,physics_5,constant_mape
1,1,train55.csv,0.055313708,0.040152677,0.27409174955329346,physics_5,constant_mape
1,1,train60.csv,0.038279074,0.040152677,0.048945880979252385,physics_5,constant_mape
1,1,train04.csv,0.894736481,0.34567875966641304,0.6136529950359618,physics_5,physics_3
1,1,train05.csv,0.054740135,0.03620168719328316,0.33866280758563794,physics_5,physics_3
1,1,train11.csv,0.056409053,0.07570683318059637,0.34210431046584616,physics_5,physics_3
1,1,train21.csv,0.056276601,0.04936004427324042,0.12290288688116718,physics_5,physics_3
1,1,train26.csv,0.028622651,0.057901921776949236,1.0229405646929504,physics_5,physics_3
1,1,train30.csv,0.09275185,0.09495423033136743,0.02374486688262754,physics_5,physics_3
1,1,train55.csv,0.055313708,0.050264318266305584,0.09128640831119872,physics_5,physics_3
1,1,train60.csv,0.038279074,0.04888708257491776,0.27712291511852544,physics_5,physics_3
1,1,train04.csv,0.894736481,0.9103309174451375,0.017429083061091227,physics_5,physics_5
1,1,train04.csv,0.894736481,0.9103309174451375,0.017429083061091227,physics_5,nested_selection
1,1,train05.csv,0.054740135,0.05713179606317339,0.0436911794823558,physics_5,physics_5
1,1,train05.csv,0.054740135,0.05713179606317339,0.0436911794823558,physics_5,nested_selection
1,1,train11.csv,0.056409053,0.05719073822180699,0.013857442737196576,physics_5,physics_5
1,1,train11.csv,0.056409053,0.05719073822180699,0.013857442737196576,physics_5,nested_selection
1,1,train21.csv,0.056276601,0.05025202929437395,0.10705287097253884,physics_5,physics_5
1,1,train21.csv,0.056276601,0.05025202929437395,0.10705287097253884,physics_5,nested_selection
1,1,train26.csv,0.028622651,0.02910996000398989,0.017025292450719886,physics_5,physics_5
1,1,train26.csv,0.028622651,0.02910996000398989,0.017025292450719886,physics_5,nested_selection
1,1,train30.csv,0.09275185,0.0926326304758007,0.0012853600677431105,physics_5,physics_5
1,1,train30.csv,0.09275185,0.0926326304758007,0.0012853600677431105,physics_5,nested_selection
1,1,train55.csv,0.055313708,0.050494782798618985,0.08711990889095733,physics_5,physics_5
1,1,train55.csv,0.055313708,0.050494782798618985,0.08711990889095733,physics_5,nested_selection
1,1,train60.csv,0.038279074,0.03728446478905538,0.02598310531087098,physics_5,physics_5
1,1,train60.csv,0.038279074,0.03728446478905538,0.02598310531087098,physics_5,nested_selection
1,1,train04.csv,0.894736481,0.9103309174451375,0.017429083061091227,physics_5,physics_fitted
1,1,train05.csv,0.054740135,0.05713179606317339,0.0436911794823558,physics_5,physics_fitted
1,1,train11.csv,0.056409053,0.05719073822180699,0.013857442737196576,physics_5,physics_fitted
1,1,train21.csv,0.056276601,0.05025202929437395,0.10705287097253884,physics_5,physics_fitted
1,1,train26.csv,0.028622651,0.02910996000398989,0.017025292450719886,physics_5,physics_fitted
1,1,train30.csv,0.09275185,0.0926326304758007,0.0012853600677431105,physics_5,physics_fitted
1,1,train55.csv,0.055313708,0.050494782798618985,0.08711990889095733,physics_5,physics_fitted
1,1,train60.csv,0.038279074,0.03728446478905538,0.02598310531087098,physics_5,physics_fitted
1,1,train04.csv,0.894736481,0.44458609351889233,0.5031094596455911,physics_5,ridge_stats
1,1,train05.csv,0.054740135,0.06793239841095171,0.24099800650750505,physics_5,ridge_stats
1,1,train11.csv,0.056409053,0.06310695038010244,0.11873798661541869,physics_5,ridge_stats
1,1,train21.csv,0.056276601,0.05931038489218609,0.05390844219938029,physics_5,ridge_stats
1,1,train26.csv,0.028622651,0.020035784258624612,0.3000024959733949,physics_5,ridge_stats
1,1,train30.csv,0.09275185,0.1701770865530528,0.8347567897896679,physics_5,ridge_stats
1,1,train55.csv,0.055313708,0.06388114119372867,0.15488806488490467,physics_5,ridge_stats
1,1,train60.csv,0.038279074,0.03791308761487906,0.009561004143437241,physics_5,ridge_stats
1,1,train04.csv,0.894736481,0.7259409741817825,0.1886538778764935,physics_5,ridge_cycles
1,1,train05.csv,0.054740135,0.04770549817656278,0.12850967253619716,physics_5,ridge_cycles
1,1,train11.csv,0.056409053,0.04824085624162127,0.14480294073326724,physics_5,ridge_cycles
1,1,train21.csv,0.056276601,0.05728077153453364,0.017843482312189362,physics_5,ridge_cycles
1,1,train26.csv,0.028622651,0.028376878007477534,0.008586660701780043,physics_5,ridge_cycles
1,1,train30.csv,0.09275185,0.12308706796435072,0.3270578211038456,physics_5,ridge_cycles
1,1,train55.csv,0.055313708,0.05902368090655546,0.06707149169163373,physics_5,ridge_cycles
1,1,train60.csv,0.038279074,0.03989768917101015,0.042284595782284266,physics_5,ridge_cycles
1,1,train04.csv,0.894736481,0.7314291206995422,0.18252006458699183,physics_5,extra_trees
1,1,train05.csv,0.054740135,0.05186644687363076,0.05249691339579708,physics_5,extra_trees
1,1,train11.csv,0.056409053,0.05456383170678938,0.03271143894599017,physics_5,extra_trees
1,1,train21.csv,0.056276601,0.053081344061838745,0.05677771722853797,physics_5,extra_trees
1,1,train26.csv,0.028622651,0.030040516263759573,0.049536475980494404,physics_5,extra_trees
1,1,train30.csv,0.09275185,0.09266097783143687,0.0009797342970854761,physics_5,extra_trees
1,1,train55.csv,0.055313708,0.0523254305680279,0.0540241748387597,physics_5,extra_trees
1,1,train60.csv,0.038279074,0.0387337167236474,0.011877056473398418,physics_5,extra_trees
1,2,train03.csv,0.111297606,0.043912869,0.6054464190361831,physics_5,constant_mape
1,2,train06.csv,0.467359393,0.043912869,0.9060404698017912,physics_5,constant_mape
1,2,train18.csv,0.375658256,0.043912869,0.883104208948891,physics_5,constant_mape
1,2,train19.csv,0.033974091,0.043912869,0.2925399240262235,physics_5,constant_mape
1,2,train25.csv,0.057598512,0.043912869,0.23760410685609373,physics_5,constant_mape
1,2,train51.csv,0.131487919,0.043912869,0.666031150740168,physics_5,constant_mape
1,2,train56.csv,0.0400505,0.043912869,0.09643747269072789,physics_5,constant_mape
1,2,train59.csv,0.09153768,0.043912869,0.5202754865537339,physics_5,constant_mape
1,2,train03.csv,0.111297606,0.07586461415202052,0.3183625697032466,physics_5,physics_3
1,2,train06.csv,0.467359393,0.17452969890910636,0.6265621243026855,physics_5,physics_3
1,2,train18.csv,0.375658256,0.17560079119811534,0.5325517584308986,physics_5,physics_3
1,2,train19.csv,0.033974091,0.06766074921880905,0.9915396476335173,physics_5,physics_3
1,2,train25.csv,0.057598512,0.0529601815395105,0.08052865081808878,physics_5,physics_3
1,2,train51.csv,0.131487919,0.10957927168642434,0.16662099058374835,physics_5,physics_3
1,2,train56.csv,0.0400505,0.06559055535675619,0.637696292349813,physics_5,physics_3
1,2,train59.csv,0.09153768,0.053327069607216435,0.4174304001672706,physics_5,physics_3
1,2,train03.csv,0.111297606,0.11260351731903777,0.011733507718376038,physics_5,physics_5
1,2,train03.csv,0.111297606,0.11260351731903777,0.011733507718376038,physics_5,nested_selection
1,2,train06.csv,0.467359393,0.469349529267114,0.004258256701206331,physics_5,physics_5
1,2,train06.csv,0.467359393,0.469349529267114,0.004258256701206331,physics_5,nested_selection
1,2,train18.csv,0.375658256,0.3787921498645621,0.008342406467867132,physics_5,physics_5
1,2,train18.csv,0.375658256,0.3787921498645621,0.008342406467867132,physics_5,nested_selection
1,2,train19.csv,0.033974091,0.03469584404066326,0.02124421932770072,physics_5,physics_5
1,2,train19.csv,0.033974091,0.03469584404066326,0.02124421932770072,physics_5,nested_selection
1,2,train25.csv,0.057598512,0.0559911580694669,0.02790617109228622,physics_5,physics_5
1,2,train25.csv,0.057598512,0.0559911580694669,0.02790617109228622,physics_5,nested_selection
1,2,train51.csv,0.131487919,0.13021254123082238,0.00969958136745348,physics_5,physics_5
1,2,train51.csv,0.131487919,0.13021254123082238,0.00969958136745348,physics_5,nested_selection
1,2,train56.csv,0.0400505,0.03496205676856869,0.1270506793031625,physics_5,physics_5
1,2,train56.csv,0.0400505,0.03496205676856869,0.1270506793031625,physics_5,nested_selection
1,2,train59.csv,0.09153768,0.0887454649656971,0.030503449883183566,physics_5,physics_5
1,2,train59.csv,0.09153768,0.0887454649656971,0.030503449883183566,physics_5,nested_selection
1,2,train03.csv,0.111297606,0.11260351731903777,0.011733507718376038,physics_5,physics_fitted
1,2,train06.csv,0.467359393,0.469349529267114,0.004258256701206331,physics_5,physics_fitted
1,2,train18.csv,0.375658256,0.3787921498645621,0.008342406467867132,physics_5,physics_fitted
1,2,train19.csv,0.033974091,0.03469584404066326,0.02124421932770072,physics_5,physics_fitted
1,2,train25.csv,0.057598512,0.0559911580694669,0.02790617109228622,physics_5,physics_fitted
1,2,train51.csv,0.131487919,0.13021254123082238,0.00969958136745348,physics_5,physics_fitted
1,2,train56.csv,0.0400505,0.03496205676856869,0.1270506793031625,physics_5,physics_fitted
1,2,train59.csv,0.09153768,0.0887454649656971,0.030503449883183566,physics_5,physics_fitted
1,2,train03.csv,0.111297606,0.12523078621911202,0.12518849883538397,physics_5,ridge_stats
1,2,train06.csv,0.467359393,0.46171362650077175,0.012080139147279888,physics_5,ridge_stats
1,2,train18.csv,0.375658256,0.26136227775152293,0.30425520116474447,physics_5,ridge_stats
1,2,train19.csv,0.033974091,0.024765148299592296,0.27105780991779005,physics_5,ridge_stats
1,2,train25.csv,0.057598512,0.07389284222684288,0.2828949856698187,physics_5,ridge_stats
1,2,train51.csv,0.131487919,0.16920593286529365,0.2868553563867235,physics_5,ridge_stats
1,2,train56.csv,0.0400505,0.09592021319160746,1.3949816654375713,physics_5,ridge_stats
1,2,train59.csv,0.09153768,0.17339435607400874,0.8942402306242495,physics_5,ridge_stats
1,2,train03.csv,0.111297606,0.11323183103987196,0.017378855748900517,physics_5,ridge_cycles
1,2,train06.csv,0.467359393,0.49783341041624823,0.06520467518719202,physics_5,ridge_cycles
1,2,train18.csv,0.375658256,0.37073377715251543,0.013108932836776499,physics_5,ridge_cycles
1,2,train19.csv,0.033974091,0.03066711896108252,0.09733805796062296,physics_5,ridge_cycles
1,2,train25.csv,0.057598512,0.0650429386827897,0.12924685767558886,physics_5,ridge_cycles
1,2,train51.csv,0.131487919,0.1466695842240329,0.11546053310063327,physics_5,ridge_cycles
1,2,train56.csv,0.0400505,0.05661450763053121,0.4135780484770779,physics_5,ridge_cycles
1,2,train59.csv,0.09153768,0.09966489941563524,0.08878550795295707,physics_5,ridge_cycles
1,2,train03.csv,0.111297606,0.10929264101360599,0.01801444845447984,physics_5,extra_trees
1,2,train06.csv,0.467359393,0.499559490192447,0.06889793523941645,physics_5,extra_trees
1,2,train18.csv,0.375658256,0.3575537111855731,0.04819418853508949,physics_5,extra_trees
1,2,train19.csv,0.033974091,0.03317411548813561,0.023546634753653473,physics_5,extra_trees
1,2,train25.csv,0.057598512,0.055687664569588506,0.03317529158412098,physics_5,extra_trees
1,2,train51.csv,0.131487919,0.13630212334643513,0.03661328267302731,physics_5,extra_trees
1,2,train56.csv,0.0400505,0.04018274817078496,0.0033020354498684685,physics_5,extra_trees
1,2,train59.csv,0.09153768,0.09537666611232319,0.04193886181431729,physics_5,extra_trees
1,3,train10.csv,0.716510036,0.043912869,0.9387128347215502,physics_5,constant_mape
1,3,train22.csv,0.080670606,0.043912869,0.4556521739777188,physics_5,constant_mape
1,3,train27.csv,0.672913029,0.043912869,0.9347421329242831,physics_5,constant_mape
1,3,train37.csv,0.50786784,0.043912869,0.9135348499326124,physics_5,constant_mape
1,3,train45.csv,0.187610341,0.043912869,0.7659357753632569,physics_5,constant_mape
1,3,train48.csv,0.132467063,0.043912869,0.6684997160388466,physics_5,constant_mape
1,3,train57.csv,0.728839308,0.043912869,0.9397495874358083,physics_5,constant_mape
1,3,train58.csv,0.031759612,0.043912869,0.3826639003020566,physics_5,constant_mape
1,3,train10.csv,0.716510036,0.14088334410522962,0.8033756164927889,physics_5,physics_3
1,3,train22.csv,0.080670606,0.08605762036177506,0.06677790869421571,physics_5,physics_3
1,3,train27.csv,0.672913029,0.22714669678602598,0.6624427125098421,physics_5,physics_3
1,3,train37.csv,0.50786784,0.22826789428434482,0.550536820200419,physics_5,physics_3
1,3,train45.csv,0.187610341,0.13077237383072954,0.30295753883454896,physics_5,physics_3
1,3,train48.csv,0.132467063,0.04804109441701966,0.6373355509737567,physics_5,physics_3
1,3,train57.csv,0.728839308,0.26773693615538907,0.6326529960491798,physics_5,physics_3
1,3,train58.csv,0.031759612,0.044087997109981125,0.3881780769230155,physics_5,physics_3
1,3,train10.csv,0.716510036,0.7135623982998689,0.004113881944468769,physics_5,physics_5
1,3,train10.csv,0.716510036,0.7135623982998689,0.004113881944468769,physics_5,nested_selection
1,3,train22.csv,0.080670606,0.08284614905878253,0.026968225065552656,physics_5,physics_5
1,3,train22.csv,0.080670606,0.08284614905878253,0.026968225065552656,physics_5,nested_selection
1,3,train27.csv,0.672913029,0.657565793973357,0.022807159863511922,physics_5,physics_5
1,3,train27.csv,0.672913029,0.657565793973357,0.022807159863511922,physics_5,nested_selection
1,3,train37.csv,0.50786784,0.5045701740054798,0.006493157736706057,physics_5,physics_5
1,3,train37.csv,0.50786784,0.5045701740054798,0.006493157736706057,physics_5,nested_selection
1,3,train45.csv,0.187610341,0.18829065188100666,0.003626190738636555,physics_5,physics_5
1,3,train45.csv,0.187610341,0.18829065188100666,0.003626190738636555,physics_5,nested_selection
1,3,train48.csv,0.132467063,0.13641414966188609,0.029796740204665745,physics_5,physics_5
1,3,train48.csv,0.132467063,0.13641414966188609,0.029796740204665745,physics_5,nested_selection
1,3,train57.csv,0.728839308,0.7122952286231926,0.022699213935381424,physics_5,physics_5
1,3,train57.csv,0.728839308,0.7122952286231926,0.022699213935381424,physics_5,nested_selection
1,3,train58.csv,0.031759612,0.032244601289539994,0.015270630180872309,physics_5,physics_5
1,3,train58.csv,0.031759612,0.032244601289539994,0.015270630180872309,physics_5,nested_selection
1,3,train10.csv,0.716510036,0.7135623982998689,0.004113881944468769,physics_5,physics_fitted
1,3,train22.csv,0.080670606,0.08284614905878253,0.026968225065552656,physics_5,physics_fitted
1,3,train27.csv,0.672913029,0.657565793973357,0.022807159863511922,physics_5,physics_fitted
1,3,train37.csv,0.50786784,0.5045701740054798,0.006493157736706057,physics_5,physics_fitted
1,3,train45.csv,0.187610341,0.18829065188100666,0.003626190738636555,physics_5,physics_fitted
1,3,train48.csv,0.132467063,0.13641414966188609,0.029796740204665745,physics_5,physics_fitted
1,3,train57.csv,0.728839308,0.7122952286231926,0.022699213935381424,physics_5,physics_fitted
1,3,train58.csv,0.031759612,0.032244601289539994,0.015270630180872309,physics_5,physics_fitted
1,3,train10.csv,0.716510036,0.5506165342434147,0.23152990666077042,physics_5,ridge_stats
1,3,train22.csv,0.080670606,0.0833485132561432,0.03319557629383864,physics_5,ridge_stats
1,3,train27.csv,0.672913029,0.5002950859998707,0.25652340727694445,physics_5,ridge_stats
1,3,train37.csv,0.50786784,0.35694687663958663,0.29716582046308215,physics_5,ridge_stats
1,3,train45.csv,0.187610341,0.17604488484027098,0.06164615499381794,physics_5,ridge_stats
1,3,train48.csv,0.132467063,0.13968771673298666,0.05450904979290335,physics_5,ridge_stats
1,3,train57.csv,0.728839308,0.44940762564731046,0.383392716728568,physics_5,ridge_stats
1,3,train58.csv,0.031759612,0.031456690261655415,0.009537954630698401,physics_5,ridge_stats
1,3,train10.csv,0.716510036,0.579613698021871,0.19105990300201314,physics_5,ridge_cycles
1,3,train22.csv,0.080670606,0.0738449851169254,0.08461100296029267,physics_5,ridge_cycles
1,3,train27.csv,0.672913029,0.6451763212476352,0.0412188597292932,physics_5,ridge_cycles
1,3,train37.csv,0.50786784,0.48907129359308593,0.03701070421571492,physics_5,ridge_cycles
1,3,train45.csv,0.187610341,0.18961866907582461,0.010704783463000049,physics_5,ridge_cycles
1,3,train48.csv,0.132467063,0.12362801855418953,0.0667263563155353,physics_5,ridge_cycles
1,3,train57.csv,0.728839308,0.6420998505056332,0.11901039988140533,physics_5,ridge_cycles
1,3,train58.csv,0.031759612,0.033859019260465806,0.06610305127360518,physics_5,ridge_cycles
1,3,train10.csv,0.716510036,0.6719766051431437,0.06215325483152931,physics_5,extra_trees
1,3,train22.csv,0.080670606,0.07608696358026631,0.056819238716685615,physics_5,extra_trees
1,3,train27.csv,0.672913029,0.7155710881020969,0.06339312402003863,physics_5,extra_trees
1,3,train37.csv,0.50786784,0.49823612002431206,0.018965012582186545,physics_5,extra_trees
1,3,train45.csv,0.187610341,0.176067615310336,0.06152499711976976,physics_5,extra_trees
1,3,train48.csv,0.132467063,0.13586265331179148,0.025633468689431768,physics_5,extra_trees
1,3,train57.csv,0.728839308,0.7010027742360414,0.03819296442770696,physics_5,extra_trees
1,3,train58.csv,0.031759612,0.03318953782106578,0.04502340334213728,physics_5,extra_trees
1,4,train08.csv,0.078418334,0.040152677,0.4879682473233875,physics_5,constant_mape
1,4,train17.csv,0.423558906,0.040152677,0.9052016698711559,physics_5,constant_mape
1,4,train28.csv,0.159309086,0.040152677,0.7479573952235217,physics_5,constant_mape
1,4,train43.csv,0.435326638,0.040152677,0.9077642544814821,physics_5,constant_mape
1,4,train46.csv,0.094676808,0.040152677,0.5758974362549274,physics_5,constant_mape
1,4,train47.csv,0.072398903,0.040152677,0.44539661049836626,physics_5,constant_mape
1,4,train63.csv,0.03208265,0.040152677,0.2515386665378328,physics_5,constant_mape
1,4,train64.csv,0.280285955,0.040152677,0.8567438850084372,physics_5,constant_mape
1,4,train08.csv,0.078418334,0.05996379363392485,0.2353345120297398,physics_5,physics_3
1,4,train17.csv,0.423558906,0.14802695758768417,0.6505162434533153,physics_5,physics_3
1,4,train28.csv,0.159309086,0.06069156021724104,0.6190326506722846,physics_5,physics_3
1,4,train43.csv,0.435326638,0.21573802321957816,0.5044226463817311,physics_5,physics_3
1,4,train46.csv,0.094676808,0.0859070154656194,0.0926287305163542,physics_5,physics_3
1,4,train47.csv,0.072398903,0.06485171262913031,0.10424454042997988,physics_5,physics_3
1,4,train63.csv,0.03208265,0.056873189022513614,0.7727085830663495,physics_5,physics_3
1,4,train64.csv,0.280285955,0.158917752219675,0.43301564211565646,physics_5,physics_3
1,4,train08.csv,0.078418334,0.0791759111220577,0.009660714317874856,physics_5,physics_5
1,4,train08.csv,0.078418334,0.0791759111220577,0.009660714317874856,physics_5,nested_selection
1,4,train17.csv,0.423558906,0.4172425317406692,0.014912622943007584,physics_5,physics_5
1,4,train17.csv,0.423558906,0.4172425317406692,0.014912622943007584,physics_5,nested_selection
1,4,train28.csv,0.159309086,0.16820636065777952,0.05584913504418409,physics_5,physics_5
1,4,train28.csv,0.159309086,0.16820636065777952,0.05584913504418409,physics_5,nested_selection
1,4,train43.csv,0.435326638,0.4345587236002909,0.0017639958887815173,physics_5,physics_5
1,4,train43.csv,0.435326638,0.4345587236002909,0.0017639958887815173,physics_5,nested_selection
1,4,train46.csv,0.094676808,0.09472086068581845,0.0004652954271382539,physics_5,physics_5
1,4,train46.csv,0.094676808,0.09472086068581845,0.0004652954271382539,physics_5,nested_selection
1,4,train47.csv,0.072398903,0.07244617800502134,0.0006529795765184986,physics_5,physics_5
1,4,train47.csv,0.072398903,0.07244617800502134,0.0006529795765184986,physics_5,nested_selection
1,4,train63.csv,0.03208265,0.03234113880491888,0.008056965522451628,physics_5,physics_5
1,4,train63.csv,0.03208265,0.03234113880491888,0.008056965522451628,physics_5,nested_selection
1,4,train64.csv,0.280285955,0.2725236095518547,0.027694378935774012,physics_5,physics_5
1,4,train64.csv,0.280285955,0.2725236095518547,0.027694378935774012,physics_5,nested_selection
1,4,train08.csv,0.078418334,0.0791759111220577,0.009660714317874856,physics_5,physics_fitted
1,4,train17.csv,0.423558906,0.4172425317406692,0.014912622943007584,physics_5,physics_fitted
1,4,train28.csv,0.159309086,0.16820636065777952,0.05584913504418409,physics_5,physics_fitted
1,4,train43.csv,0.435326638,0.4345587236002909,0.0017639958887815173,physics_5,physics_fitted
1,4,train46.csv,0.094676808,0.09472086068581845,0.0004652954271382539,physics_5,physics_fitted
1,4,train47.csv,0.072398903,0.07244617800502134,0.0006529795765184986,physics_5,physics_fitted
1,4,train63.csv,0.03208265,0.03234113880491888,0.008056965522451628,physics_5,physics_fitted
1,4,train64.csv,0.280285955,0.2725236095518547,0.027694378935774012,physics_5,physics_fitted
1,4,train08.csv,0.078418334,0.12390571938180006,0.5800605937611484,physics_5,ridge_stats
1,4,train17.csv,0.423558906,0.32811429772787437,0.2253396326227305,physics_5,ridge_stats
1,4,train28.csv,0.159309086,0.13326251218795637,0.16349710155291217,physics_5,ridge_stats
1,4,train43.csv,0.435326638,0.25947506679410454,0.40395316035288303,physics_5,ridge_stats
1,4,train46.csv,0.094676808,0.10618771264121538,0.1215810385286265,physics_5,ridge_stats
1,4,train47.csv,0.072398903,0.10535632689455374,0.455219934679863,physics_5,ridge_stats
1,4,train63.csv,0.03208265,0.018616767764949898,0.4197247495157071,physics_5,ridge_stats
1,4,train64.csv,0.280285955,0.26166203883808664,0.06644612699881211,physics_5,ridge_stats
1,4,train08.csv,0.078418334,0.0840673924670812,0.07203747107253249,physics_5,ridge_cycles
1,4,train17.csv,0.423558906,0.4016115827519488,0.05181646032500426,physics_5,ridge_cycles
1,4,train28.csv,0.159309086,0.1420020640519723,0.1086380091844083,physics_5,ridge_cycles
1,4,train43.csv,0.435326638,0.4072770644027641,0.06443339586592417,physics_5,ridge_cycles
1,4,train46.csv,0.094676808,0.10367964649750248,0.09509021995653341,physics_5,ridge_cycles
1,4,train47.csv,0.072398903,0.07886139000210443,0.08926222269009285,physics_5,ridge_cycles
1,4,train63.csv,0.03208265,0.028442049961293184,0.11347566484398307,physics_5,ridge_cycles
1,4,train64.csv,0.280285955,0.288986095341089,0.031040229401038,physics_5,ridge_cycles
1,4,train08.csv,0.078418334,0.09001489117005568,0.14788068782557495,physics_5,extra_trees
1,4,train17.csv,0.423558906,0.42764029529762543,0.009635942580381996,physics_5,extra_trees
1,4,train28.csv,0.159309086,0.15861884804567947,0.004332696719636705,physics_5,extra_trees
1,4,train43.csv,0.435326638,0.43222258013004833,0.007130411049993361,physics_5,extra_trees
1,4,train46.csv,0.094676808,0.0985119261572108,0.04050747208556924,physics_5,extra_trees
1,4,train47.csv,0.072398903,0.0742285563020363,0.02527183736521946,physics_5,extra_trees
1,4,train63.csv,0.03208265,0.032133266900620516,0.0015777032327603548,physics_5,extra_trees
1,4,train64.csv,0.280285955,0.2883200501609502,0.028663923459704633,physics_5,extra_trees
1,5,train07.csv,0.028737481,0.045191049,0.5725473293918837,physics_5,constant_mape
1,5,train13.csv,0.028620288,0.045191049,0.5789865217289216,physics_5,constant_mape
1,5,train16.csv,0.61202604,0.045191049,0.9261615584199652,physics_5,constant_mape
1,5,train32.csv,0.05965584,0.045191049,0.24247066171560075,physics_5,constant_mape
1,5,train40.csv,0.178849028,0.045191049,0.7473229264628711,physics_5,constant_mape
1,5,train41.csv,0.132170551,0.045191049,0.6580853400543061,physics_5,constant_mape
1,5,train50.csv,0.040152677,0.045191049,0.12548035091159673,physics_5,constant_mape
1,5,train53.csv,0.043912869,0.045191049,0.029107184957557587,physics_5,constant_mape
1,5,train07.csv,0.028737481,0.030461013273293452,0.059975064386939614,physics_5,physics_3
1,5,train13.csv,0.028620288,0.04179578141136846,0.4603550254759301,physics_5,physics_3
1,5,train16.csv,0.61202604,0.24650678895373748,0.5972282667029373,physics_5,physics_3
1,5,train32.csv,0.05965584,0.058439564778634406,0.020388200406960915,physics_5,physics_3
1,5,train40.csv,0.178849028,0.08290748129103669,0.5364387370836777,physics_5,physics_3
1,5,train41.csv,0.132170551,0.13448875033481697,0.017539454267819256,physics_5,physics_3
1,5,train50.csv,0.040152677,0.04109423675937809,0.023449489043484942,physics_5,physics_3
1,5,train53.csv,0.043912869,0.05473330839187955,0.24640702459863306,physics_5,physics_3
1,5,train07.csv,0.028737481,0.02850773041425159,0.007994806007819854,physics_5,physics_5
1,5,train07.csv,0.028737481,0.02850773041425159,0.007994806007819854,physics_5,nested_selection
1,5,train13.csv,0.028620288,0.027742587046688753,0.030667090188304463,physics_5,physics_5
1,5,train13.csv,0.028620288,0.027742587046688753,0.030667090188304463,physics_5,nested_selection
1,5,train16.csv,0.61202604,0.5987296455563609,0.021725210325428585,physics_5,physics_5
1,5,train16.csv,0.61202604,0.5987296455563609,0.021725210325428585,physics_5,nested_selection
1,5,train32.csv,0.05965584,0.059924226051458286,0.0044989065858143055,physics_5,physics_5
1,5,train32.csv,0.05965584,0.059924226051458286,0.0044989065858143055,physics_5,nested_selection
1,5,train40.csv,0.178849028,0.1825197741280148,0.020524272170015907,physics_5,physics_5
1,5,train40.csv,0.178849028,0.1825197741280148,0.020524272170015907,physics_5,nested_selection
1,5,train41.csv,0.132170551,0.12029637425526161,0.08983980663543109,physics_5,physics_5
1,5,train41.csv,0.132170551,0.12029637425526161,0.08983980663543109,physics_5,nested_selection
1,5,train50.csv,0.040152677,0.03993662267214758,0.005380820009894212,physics_5,physics_5
1,5,train50.csv,0.040152677,0.03993662267214758,0.005380820009894212,physics_5,nested_selection
1,5,train53.csv,0.043912869,0.04430322982510569,0.0088894402482719,physics_5,physics_5
1,5,train53.csv,0.043912869,0.04430322982510569,0.0088894402482719,physics_5,nested_selection
1,5,train07.csv,0.028737481,0.02850773041425159,0.007994806007819854,physics_5,physics_fitted
1,5,train13.csv,0.028620288,0.027742587046688753,0.030667090188304463,physics_5,physics_fitted
1,5,train16.csv,0.61202604,0.5987296455563609,0.021725210325428585,physics_5,physics_fitted
1,5,train32.csv,0.05965584,0.059924226051458286,0.0044989065858143055,physics_5,physics_fitted
1,5,train40.csv,0.178849028,0.1825197741280148,0.020524272170015907,physics_5,physics_fitted
1,5,train41.csv,0.132170551,0.12029637425526161,0.08983980663543109,physics_5,physics_fitted
1,5,train50.csv,0.040152677,0.03993662267214758,0.005380820009894212,physics_5,physics_fitted
1,5,train53.csv,0.043912869,0.04430322982510569,0.0088894402482719,physics_5,physics_fitted
1,5,train07.csv,0.028737481,0.04944273323875279,0.7204964220333993,physics_5,ridge_stats
1,5,train13.csv,0.028620288,0.022134484677390973,0.2266155855108456,physics_5,ridge_stats
1,5,train16.csv,0.61202604,0.38891858482257513,0.3645391545389554,physics_5,ridge_stats
1,5,train32.csv,0.05965584,0.05602693320686184,0.06083070480841709,physics_5,ridge_stats
1,5,train40.csv,0.178849028,0.20920084650470486,0.16970636544194617,physics_5,ridge_stats
1,5,train41.csv,0.132170551,0.13773342821449988,0.042088628460812606,physics_5,ridge_stats
1,5,train50.csv,0.040152677,0.057721962481943445,0.43756199572804194,physics_5,ridge_stats
1,5,train53.csv,0.043912869,0.053639001781714817,0.22148707208619905,physics_5,ridge_stats
1,5,train07.csv,0.028737481,0.03146497247107129,0.09491059675937805,physics_5,ridge_cycles
1,5,train13.csv,0.028620288,0.022488222245876044,0.21425590665348848,physics_5,ridge_cycles
1,5,train16.csv,0.61202604,0.5849821247507764,0.04418752386618006,physics_5,ridge_cycles
1,5,train32.csv,0.05965584,0.04910613699293731,0.176842753485035,physics_5,ridge_cycles
1,5,train40.csv,0.178849028,0.18846870272206956,0.053786564174503455,physics_5,ridge_cycles
1,5,train41.csv,0.132170551,0.14487283118850006,0.09610522232369342,physics_5,ridge_cycles
1,5,train50.csv,0.040152677,0.04629646805039637,0.15301074571930462,physics_5,ridge_cycles
1,5,train53.csv,0.043912869,0.041295472933478114,0.059604305665427744,physics_5,ridge_cycles
1,5,train07.csv,0.028737481,0.03558253559629501,0.23819257492662677,physics_5,extra_trees
1,5,train13.csv,0.028620288,0.031593677647299014,0.10389097577561109,physics_5,extra_trees
1,5,train16.csv,0.61202604,0.5979772120973073,0.022954624451424967,physics_5,extra_trees
1,5,train32.csv,0.05965584,0.056330747554960134,0.05573792012718064,physics_5,extra_trees
1,5,train40.csv,0.178849028,0.19546966491161197,0.09293110003154155,physics_5,extra_trees
1,5,train41.csv,0.132170551,0.12999341919128213,0.01647213991502441,physics_5,extra_trees
1,5,train50.csv,0.040152677,0.043657814518613065,0.08729523858678384,physics_5,extra_trees
1,5,train53.csv,0.043912869,0.044091748950137274,0.004073520000191157,physics_5,extra_trees
1,6,train09.csv,0.033628754,0.043912869,0.30581314431096684,physics_5,constant_mape
1,6,train23.csv,0.789624017,0.043912869,0.944387622394216,physics_5,constant_mape
1,6,train24.csv,0.060708901,0.043912869,0.276665064320634,physics_5,constant_mape
1,6,train29.csv,0.045191049,0.043912869,0.02828391967621723,physics_5,constant_mape
1,6,train38.csv,0.035914277,0.043912869,0.22271343510548738,physics_5,constant_mape
1,6,train42.csv,0.132121434,0.043912869,0.667632512980445,physics_5,constant_mape
1,6,train52.csv,0.616000631,0.043912869,0.9287129480229379,physics_5,constant_mape
1,6,train54.csv,0.832608215,0.043912869,0.9472586647490621,physics_5,constant_mape
1,6,train09.csv,0.033628754,0.06048384255039886,0.7985751880785968,physics_5,physics_3
1,6,train23.csv,0.789624017,0.26663181425666643,0.6623306681201587,physics_5,physics_3
1,6,train24.csv,0.060708901,0.06269085841459715,0.03264689991006669,physics_5,physics_3
1,6,train29.csv,0.045191049,0.03378173092738912,0.2524685380197941,physics_5,physics_3
1,6,train38.csv,0.035914277,0.025022234504908716,0.30327890201134455,physics_5,physics_3
1,6,train42.csv,0.132121434,0.12426620920824019,0.05945458321137975,physics_5,physics_3
1,6,train52.csv,0.616000631,0.24491396958269251,0.6024127943097959,physics_5,physics_3
1,6,train54.csv,0.832608215,0.15930637843712048,0.8086658580024694,physics_5,physics_3
1,6,train09.csv,0.033628754,0.034026633721045724,0.01183153324817586,physics_5,physics_5
1,6,train09.csv,0.033628754,0.034026633721045724,0.01183153324817586,physics_5,nested_selection
1,6,train23.csv,0.789624017,0.7675250769475022,0.027986661470173844,physics_5,physics_5
1,6,train23.csv,0.789624017,0.7675250769475022,0.027986661470173844,physics_5,nested_selection
1,6,train24.csv,0.060708901,0.05875105396182573,0.03224975260504674,physics_5,physics_5
1,6,train24.csv,0.060708901,0.05875105396182573,0.03224975260504674,physics_5,nested_selection
1,6,train29.csv,0.045191049,0.04725870376672124,0.045753635121885405,physics_5,physics_5
1,6,train29.csv,0.045191049,0.04725870376672124,0.045753635121885405,physics_5,nested_selection
1,6,train38.csv,0.035914277,0.037306754932992854,0.03877226688965095,physics_5,physics_5
1,6,train38.csv,0.035914277,0.037306754932992854,0.03877226688965095,physics_5,nested_selection
1,6,train42.csv,0.132121434,0.13139500153950434,0.005498218105138553,physics_5,physics_5
1,6,train42.csv,0.132121434,0.13139500153950434,0.005498218105138553,physics_5,nested_selection
1,6,train52.csv,0.616000631,0.6078199326757062,0.01328034081882913,physics_5,physics_5
1,6,train52.csv,0.616000631,0.6078199326757062,0.01328034081882913,physics_5,nested_selection
1,6,train54.csv,0.832608215,0.8490227103752357,0.019714548907298072,physics_5,physics_5
1,6,train54.csv,0.832608215,0.8490227103752357,0.019714548907298072,physics_5,nested_selection
1,6,train09.csv,0.033628754,0.034026633721045724,0.01183153324817586,physics_5,physics_fitted
1,6,train23.csv,0.789624017,0.7675250769475022,0.027986661470173844,physics_5,physics_fitted
1,6,train24.csv,0.060708901,0.05875105396182573,0.03224975260504674,physics_5,physics_fitted
1,6,train29.csv,0.045191049,0.04725870376672124,0.045753635121885405,physics_5,physics_fitted
1,6,train38.csv,0.035914277,0.037306754932992854,0.03877226688965095,physics_5,physics_fitted
1,6,train42.csv,0.132121434,0.13139500153950434,0.005498218105138553,physics_5,physics_fitted
1,6,train52.csv,0.616000631,0.6078199326757062,0.01328034081882913,physics_5,physics_fitted
1,6,train54.csv,0.832608215,0.8490227103752357,0.019714548907298072,physics_5,physics_fitted
1,6,train09.csv,0.033628754,0.0424009291517381,0.26085340990445566,physics_5,ridge_stats
1,6,train23.csv,0.789624017,0.6175413348409113,0.2179298988560129,physics_5,ridge_stats
1,6,train24.csv,0.060708901,0.057380448215875166,0.05482643779245546,physics_5,ridge_stats
1,6,train29.csv,0.045191049,0.07340778163021743,0.6243876443367674,physics_5,ridge_stats
1,6,train38.csv,0.035914277,0.056126204022303776,0.5627825118769277,physics_5,ridge_stats
1,6,train42.csv,0.132121434,0.10926493403622188,0.17299615415753153,physics_5,ridge_stats
1,6,train52.csv,0.616000631,0.3729452213982561,0.3945700659545979,physics_5,ridge_stats
1,6,train54.csv,0.832608215,0.559812518851766,0.3276399286406681,physics_5,ridge_stats
1,6,train09.csv,0.033628754,0.03656550746554977,0.08732864338505593,physics_5,ridge_cycles
1,6,train23.csv,0.789624017,0.7680104950756325,0.027371915568732627,physics_5,ridge_cycles
1,6,train24.csv,0.060708901,0.059111849582857104,0.02630670940893657,physics_5,ridge_cycles
1,6,train29.csv,0.045191049,0.04980295855649102,0.10205360704264742,physics_5,ridge_cycles
1,6,train38.csv,0.035914277,0.03589436231771289,0.0005545060057066323,physics_5,ridge_cycles
1,6,train42.csv,0.132121434,0.13895092570947198,0.05169102016764346,physics_5,ridge_cycles
1,6,train52.csv,0.616000631,0.5752605704859356,0.06613639412662294,physics_5,ridge_cycles
1,6,train54.csv,0.832608215,0.7079419244294574,0.14972983490265307,physics_5,ridge_cycles
1,6,train09.csv,0.033628754,0.0332517964483734,0.011209382055207748,physics_5,extra_trees
1,6,train23.csv,0.789624017,0.7664966563401852,0.029289079564324853,physics_5,extra_trees
1,6,train24.csv,0.060708901,0.05682649168628117,0.06395123696472173,physics_5,extra_trees
1,6,train29.csv,0.045191049,0.05332333963434128,0.17995357076887686,physics_5,extra_trees
1,6,train38.csv,0.035914277,0.04273853044728323,0.19001505855967046,physics_5,extra_trees
1,6,train42.csv,0.132121434,0.131527977992852,0.00449174663929243,physics_5,extra_trees
1,6,train52.csv,0.616000631,0.6148581020449208,0.0018547528972892714,physics_5,extra_trees
1,6,train54.csv,0.832608215,0.7160613072726312,0.13997809008810808,physics_5,extra_trees
1,7,train02.csv,0.149208849,0.040152677,0.7308961414212103,physics_5,constant_mape
1,7,train12.csv,0.054978382,0.040152677,0.2696642654925713,physics_5,constant_mape
1,7,train14.csv,0.035544524,0.040152677,0.12964452696004586,physics_5,constant_mape
1,7,train15.csv,0.051323979,0.040152677,0.2176624302648086,physics_5,constant_mape
1,7,train20.csv,0.115031186,0.040152677,0.6509409457014552,physics_5,constant_mape
1,7,train31.csv,0.928338975,0.040152677,0.956747828022625,physics_5,constant_mape
1,7,train39.csv,0.542141961,0.040152677,0.9259369687490395,physics_5,constant_mape
1,7,train49.csv,0.476568618,0.040152677,0.915746283990525,physics_5,constant_mape
1,7,train02.csv,0.149208849,0.06816445769190448,0.5431607565587181,physics_5,physics_3
1,7,train12.csv,0.054978382,0.051993337963033,0.054294868789827214,physics_5,physics_3
1,7,train14.csv,0.035544524,0.060729919255389495,0.7085590808696578,physics_5,physics_3
1,7,train15.csv,0.051323979,0.04926940570376753,0.04003144994335817,physics_5,physics_3
1,7,train20.csv,0.115031186,0.07826933849517734,0.3195815742073863,physics_5,physics_3
1,7,train31.csv,0.928338975,0.21290856268845548,0.7706564429351299,physics_5,physics_3
1,7,train39.csv,0.542141961,0.17150724828754133,0.6836488214799125,physics_5,physics_3
1,7,train49.csv,0.476568618,0.205545678644018,0.5686965719509084,physics_5,physics_3
1,7,train02.csv,0.149208849,0.14708894803134703,0.014207608884195408,physics_5,physics_5
1,7,train02.csv,0.149208849,0.14708894803134703,0.014207608884195408,physics_5,nested_selection
1,7,train12.csv,0.054978382,0.047450369906803916,0.13692676683711943,physics_5,physics_5
1,7,train12.csv,0.054978382,0.047450369906803916,0.13692676683711943,physics_5,nested_selection
1,7,train14.csv,0.035544524,0.036088812826128705,0.0153128742455154,physics_5,physics_5
1,7,train14.csv,0.035544524,0.036088812826128705,0.0153128742455154,physics_5,nested_selection
1,7,train15.csv,0.051323979,0.05152273072559622,0.003872492536017502,physics_5,physics_5
1,7,train15.csv,0.051323979,0.05152273072559622,0.003872492536017502,physics_5,nested_selection
1,7,train20.csv,0.115031186,0.11275008389718674,0.019830292828705177,physics_5,physics_5
1,7,train20.csv,0.115031186,0.11275008389718674,0.019830292828705177,physics_5,nested_selection
1,7,train31.csv,0.928338975,0.9192211791617044,0.009821623441260266,physics_5,physics_5
1,7,train31.csv,0.928338975,0.9192211791617044,0.009821623441260266,physics_5,nested_selection
1,7,train39.csv,0.542141961,0.5437420155268242,0.00295135710187947,physics_5,physics_5
1,7,train39.csv,0.542141961,0.5437420155268242,0.00295135710187947,physics_5,nested_selection
1,7,train49.csv,0.476568618,0.48086329658055915,0.009011668872748043,physics_5,physics_5
1,7,train49.csv,0.476568618,0.48086329658055915,0.009011668872748043,physics_5,nested_selection
1,7,train02.csv,0.149208849,0.14708894803134703,0.014207608884195408,physics_5,physics_fitted
1,7,train12.csv,0.054978382,0.047450369906803916,0.13692676683711943,physics_5,physics_fitted
1,7,train14.csv,0.035544524,0.036088812826128705,0.0153128742455154,physics_5,physics_fitted
1,7,train15.csv,0.051323979,0.05152273072559622,0.003872492536017502,physics_5,physics_fitted
1,7,train20.csv,0.115031186,0.11275008389718674,0.019830292828705177,physics_5,physics_fitted
1,7,train31.csv,0.928338975,0.9192211791617044,0.009821623441260266,physics_5,physics_fitted
1,7,train39.csv,0.542141961,0.5437420155268242,0.00295135710187947,physics_5,physics_fitted
1,7,train49.csv,0.476568618,0.48086329658055915,0.009011668872748043,physics_5,physics_fitted
1,7,train02.csv,0.149208849,0.1656592632527453,0.11025092923775112,physics_5,ridge_stats
1,7,train12.csv,0.054978382,0.07566715858353582,0.3763074836130284,physics_5,ridge_stats
1,7,train14.csv,0.035544524,0.022864933962490043,0.35672414793091495,physics_5,ridge_stats
1,7,train15.csv,0.051323979,0.08463837352780972,0.6490999953025801,physics_5,ridge_stats
1,7,train20.csv,0.115031186,0.21368605441601043,0.8576358450830059,physics_5,ridge_stats
1,7,train31.csv,0.928338975,0.9202858833558946,0.008674731817766665,physics_5,ridge_stats
1,7,train39.csv,0.542141961,0.41744131910846116,0.23001473942641168,physics_5,ridge_stats
1,7,train49.csv,0.476568618,0.2854306603546018,0.4010712212808738,physics_5,ridge_stats
1,7,train02.csv,0.149208849,0.1526245545343699,0.022892111005895506,physics_5,ridge_cycles
1,7,train12.csv,0.054978382,0.05885626728895996,0.07053472924976144,physics_5,ridge_cycles
1,7,train14.csv,0.035544524,0.0335598300500978,0.05583684141901017,physics_5,ridge_cycles
1,7,train15.csv,0.051323979,0.057408986460266,0.11856071136390268,physics_5,ridge_cycles
1,7,train20.csv,0.115031186,0.12720413782600218,0.1058230576358848,physics_5,ridge_cycles
1,7,train31.csv,0.928338975,0.9397917689179629,0.012336866410206407,physics_5,ridge_cycles
1,7,train39.csv,0.542141961,0.5028430836554801,0.0724881676231659,physics_5,ridge_cycles
1,7,train49.csv,0.476568618,0.4491344721637287,0.05756599322759287,physics_5,ridge_cycles
1,7,train02.csv,0.149208849,0.1419636833781709,0.04855721138783876,physics_5,extra_trees
1,7,train12.csv,0.054978382,0.05353570369935186,0.0262408286342101,physics_5,extra_trees
1,7,train14.csv,0.035544524,0.03331764822222831,0.0626503192945189,physics_5,extra_trees
1,7,train15.csv,0.051323979,0.05592682979159851,0.08968226706659892,physics_5,extra_trees
1,7,train20.csv,0.115031186,0.11210337016550323,0.02545236588708008,physics_5,extra_trees
1,7,train31.csv,0.928338975,0.7826828861091308,0.15689968084219358,physics_5,extra_trees
1,7,train39.csv,0.542141961,0.5380280615696186,0.007588232836272618,physics_5,extra_trees
1,7,train49.csv,0.476568618,0.42195286709409585,0.11460207164942646,physics_5,extra_trees
