file_id,sha256,n_samples,bytes,feature_version,cached,seconds
train01.csv,68cd1381297c674e829b54fcd3247fe3f5c8814360df5d031ee8e0d8486a76d9,581120,6344168,shm-rainflow-v1,True,0.045871625014115125
train02.csv,0111b9881f241b073b0721d22beab45ce40b453004711f1e3acfec2a647f76c8,581120,6613188,shm-rainflow-v1,True,0.03645870799664408
train03.csv,ef138b82523fced486fdb75fdbca94ca79a93fe3f7ad5af2295a4eed470ca12f,581120,6454852,shm-rainflow-v1,True,0.04080120800063014
train04.csv,13fd57974902c0b25f3010096926fa337977cb0e29cd386adcf65c5dc4d8b7f5,581120,6628421,shm-rainflow-v1,True,0.03840504202526063
train05.csv,7ac0fbd7e95ddc8d620f7b920e63882846a408d6f09f72d0ef70bc7d0de075c9,581120,6453465,shm-rainflow-v1,True,0.03799679200164974
train06.csv,d820df156e339a19ed3bee45299c453498468d3ed9e1a11eab513e167efa1d78,581120,6646133,shm-rainflow-v1,True,0.03499600000213832
train07.csv,1b0ccc57fa076a5bfc2ca915aeab89fb47a4cb32fd11e36c0e63a28fb5edb448,581120,6659938,shm-rainflow-v1,True,0.03670291602611542
train08.csv,709c3e36bf608a8380f451efc1c8cffef7a210e6bb81d95ecb025eb79537b5a8,581120,6409720,shm-rainflow-v1,True,0.03803529200376943
train09.csv,72423bbd57fc25f1579ff5187184c14d5d04be4201806245da90c87dcd8cc5e6,581120,6266567,shm-rainflow-v1,True,0.03612720797536895
train10.csv,83040203e5f2f1d53446372222801edbee4f627a3c0a6d793935ba8b67753b6d,581120,6584769,shm-rainflow-v1,True,0.035216249991208315
train11.csv,5e2611d31c621e29cf6d862059b37f13a0b2cea0fdcc6fcc5e82c5e8d4e83fcc,581120,6228033,shm-rainflow-v1,True,0.038843249960336834
train12.csv,8521e08bc870292a19b8becdade28c9b4a98fc337d47221658bbbf8118e6460e,581120,6788739,shm-rainflow-v1,True,0.039177416008897126
train13.csv,c90930b0920e5179f6bd8a4f5c1043703c280aa37208b362ab2241015a173ddc,581120,6727523,shm-rainflow-v1,True,0.03942612500395626
train14.csv,e89b93a1e55a542f2cc25f301784669e4d0aafaa7d890038ef06559e56d3a7cc,581120,6759995,shm-rainflow-v1,True,0.03583704202901572
train15.csv,c1bd0b608a6b1a97473013980f59a7bf17527213fe71c2ba77e429dea57784ac,581120,6680810,shm-rainflow-v1,True,0.03736000001663342
train16.csv,2749a6fd3d6313b28f6f7f23f48f1ef41731b84c4fce422c44bcef4d7a0e870d,581120,6669674,shm-rainflow-v1,True,0.039050917024724185
train17.csv,ac5b02e5e6912aec8e92faf69fde16a730da8bfc135559abb016d6214e758b9a,581120,6567369,shm-rainflow-v1,True,0.035894625005312264
train18.csv,f1f754922fef27fde8313d260ce9b85a850a15e852458db58754fb00b9b9436e,581120,6405522,shm-rainflow-v1,True,0.03314800001680851
train19.csv,7c81a9d5b4fd9ea1360b25c112d5c07aaab7be621eacd6eceefa5a973f4d79e5,581120,6663233,shm-rainflow-v1,True,0.04044741595862433
train20.csv,612d4c05bb4a0bfe83b69603d36224103ea39e3f334b5bf6a5cf5a85606cb9db,581120,6662847,shm-rainflow-v1,True,0.03813199995784089
train21.csv,a609b7c7401e8c7448671f037d33ffdc7246716d7a25ac3692887a3133d8e98d,581120,6515152,shm-rainflow-v1,True,0.03838912502396852
train22.csv,fde1223504a701633aae955a91c41b12610aa1ef9dd3ce9a6b576942eb3e9996,581120,6661734,shm-rainflow-v1,True,0.03504395898198709
train23.csv,29c12efe085cfd796e0d8cc9927b8bc39abd83a1eb89216a68add56b513921a7,581120,6355859,shm-rainflow-v1,True,0.03612441697623581
train24.csv,f215cf6da442f42b85b440e4f773cdb270b1a3b4a1b7fc7d31d85088e7aaa7e7,581120,6694451,shm-rainflow-v1,True,0.037665957992430776
train25.csv,c9f7cbbbab6f00faafdbc3a91348687397b27cb0f6f348065ee41d655a6fefc9,581120,6631249,shm-rainflow-v1,True,0.034187541983556
train26.csv,25cf84c9e288a3055cecaee7f7ed79f4ca7dea613a321d1874e721294afa2218,581120,6833244,shm-rainflow-v1,True,0.04233445803401992
train27.csv,8959229db96ac0181c6a53a3dc16df32f661c4fbf48a8ee1efe0392f195c70fc,581120,6402836,shm-rainflow-v1,True,0.034518875007051975
train28.csv,1757a7892bf34fc6347f3a12b73ef088d794c6532a591b719172d172da85ded6,581120,6625862,shm-rainflow-v1,True,0.037120416993275285
train29.csv,975eb3301f269ad2c3ce7674fa56c380baae286753da77affbcf361a62a3a632,581120,6495879,shm-rainflow-v1,True,0.03826462494907901
train30.csv,4865507f8fecf7f5c3543849bd78f88a65bb19db8560a0e57813ee8422f2b026,581120,6733526,shm-rainflow-v1,True,0.0402033330174163
train31.csv,4422df825fafbb34d2ec55d5bb29c4dd1c0b247a987aa2f9457183e61f0f1c0d,581120,6747707,shm-rainflow-v1,True,0.036797207954805344
train32.csv,4bbbba8ac741fb7cd7d4568bada1ccc744fc24ac9c8a38e91a68ab3c8d64c53c,581120,6738117,shm-rainflow-v1,True,0.041459333966486156
train33.csv,e62d17861f7c4aa192aa6516a9e3653f61fca26fd8e77ddf55b28e9b8885f986,581120,6725495,shm-rainflow-v1,True,0.03580333397258073
train34.csv,7e3f0a1e995d44243882b52f12fc65f7143a70c722fc21f64e3e1bfdb9dc5ac0,581120,6407862,shm-rainflow-v1,True,0.03523991594556719
train35.csv,162721798c9c1d9ca827a29b4ec3637d87e17f4e313c09c9eb6f78a5782627ac,581120,6592363,shm-rainflow-v1,True,0.04206370800966397
train36.csv,f98f13c482f7416f457ff48f651e54451888e1263739637376aa70c523c8de83,581120,6330201,shm-rainflow-v1,True,0.03318525000941008
train37.csv,72d094df2df88fcb88cd0fdd23431adfcb0a8c1461b048a4047567c6707df2f0,581120,6263319,shm-rainflow-v1,True,0.036009165982250124
train38.csv,276860a76875f6bbba85016605d49fed4f3f3df62d7f4e84f0bc5f505a6c5152,581120,6585285,shm-rainflow-v1,True,0.038731500040739775
train39.csv,fc86fe60026e255053e7d331440436c95e734489a098c121548a7a8222b56470,581120,6602577,shm-rainflow-v1,True,0.03913383302278817
train40.csv,d9cd2b0c67f9c92fc8f8624551320e5581515fa0ae5887bd4ceb1ef30ec9dc05,581120,6426353,shm-rainflow-v1,True,0.05225075001362711
train41.csv,25d6d0927d9fe3eec6f9a8613bfa3c41e2569ca24c78076836ce281598176611,581120,6549631,shm-rainflow-v1,True,0.03672683297190815
train42.csv,0096da2a287b845b0ded1a084b5f06cc176fb8061ed1d601ad178f0fc5577b76,581120,6501737,shm-rainflow-v1,True,0.04228287498699501
train43.csv,921a4d6bd2bb481f65300a5688e3c47861973eabecd356665ccd5cf208f92c39,581120,6599745,shm-rainflow-v1,True,0.0353661670233123
train44.csv,b44e3f6968db5a238be28f1877a7069132b8d7adefe44ec5a46eeb8a5b5d847c,581120,6609517,shm-rainflow-v1,True,0.03609129198594019
train45.csv,cb5c57f481c468ab2ee1b9ddbba15e6e91a09a0661302af5c20b034e5a11be51,581120,6635900,shm-rainflow-v1,True,0.03874745802022517
train46.csv,90be825cc88b8b59aa8a165abb56a5e89d550c0c00d7c4351795cf649b903713,581120,6665187,shm-rainflow-v1,True,0.04100691602798179
train47.csv,25695bb2ff65ef08d2c86e28fcebea5ff77748222873a2d433129b1cd147abbc,581120,6742289,shm-rainflow-v1,True,0.03626383398659527
train48.csv,0db9b4f41ea4d12531b521fa8f489f39203018124937095c0b22e6dbefbd016c,581120,6683280,shm-rainflow-v1,True,0.042125332984142005
train49.csv,b6c346103d440b549b723b943cebe3850578314fac917415e2ba6bee24ce0c3f,581120,6391773,shm-rainflow-v1,True,0.033774708048440516
train50.csv,9467665ca4d1277600cdc89876b1e18ec511893e741b6a2a0fa5f2b556abf23e,581120,6297785,shm-rainflow-v1,True,0.03821129095740616
train51.csv,c2e6b4eebb03bc11988f4fd0c9b14b49a783fd396f59db7607a3ce707ab9f5fd,581120,6395470,shm-rainflow-v1,True,0.03595695801777765
train52.csv,5c2115b7e099a107ae1fb4e188560ee0f9ee6d540ed9f12f449c1d6ab251440c,581120,6678071,shm-rainflow-v1,True,0.039458583982195705
train53.csv,bd0ab24b60803f3fa9aac4ca9874dbe8dc3e61a138585bdeb8fccec64b9a402c,581120,6415944,shm-rainflow-v1,True,0.03513987496262416
train54.csv,d5db06f20e6dfc5ebf1391799fa59725dbd32b2c06ada5436f4c1351e67202e6,581120,6640040,shm-rainflow-v1,True,0.03544675000011921
train55.csv,77b15d887456fa2f672aa5310aff41899ae3f83754317a8a07e0818fe015d6ef,581120,6779367,shm-rainflow-v1,True,0.03787404199829325
train56.csv,4522fb2810a4a07ff9f41bd3747a35998bac420aa03ee9189173bb76211e2dc2,581120,6492549,shm-rainflow-v1,True,0.03515449998667464
train57.csv,85f2f32f0a0761906eb936ed72bae30c73296f10d997b723efa17efccb3fe8d0,581120,6632543,shm-rainflow-v1,True,0.037506000022403896
train58.csv,32133702c9246f52c033266a652dca3377de6413b47745d9fdc946119ccf7097,581120,6829844,shm-rainflow-v1,True,0.04008224996505305
train59.csv,7ec652b89c2be96f1d6cc752c135162f7c3a09d6a07c11805e73b941a1009331,581120,6682169,shm-rainflow-v1,True,0.037965041992720217
train60.csv,e37275d2b279e996d19b39756c9ea42f8652c6fb933cb3d671de95de04475179,581120,6614853,shm-rainflow-v1,True,0.03698337497189641
train61.csv,163e4f4ae238b3bc6a7f1eb2b53b8db1160023851ce1c9324361d88094c2c6b0,581120,6614134,shm-rainflow-v1,True,0.038407874992117286
train62.csv,db8ce4f817e9245f2ca5bb99aec2032014278a4843e8e78629953a9695faabe2,581120,6854270,shm-rainflow-v1,True,0.04005458304891363
train63.csv,47e221737819c875255b9879183f400e00a508883a032820aabe6f46026e8d94,581120,6364239,shm-rainflow-v1,True,0.03622254100628197
train64.csv,8a57977c300012f93cdcca1bcee7daa315ce22753f772fb065f6e65d7c4d258e,581120,6329238,shm-rainflow-v1,True,0.0364969169604592
