file_id,stress_mean,stress_std,stress_rms,stress_min,stress_max,stress_abs_q50,stress_abs_q90,stress_abs_q99,stress_abs_q999,stress_kurtosis,difference_rms,n_samples,cycle_count,half_cycle_fraction,amplitude_mean,amplitude_q50,amplitude_q90,amplitude_q99,amplitude_max,cycle_mean_abs,rf_power_2.0,rf_power_2.1,rf_power_2.2,rf_power_2.3,rf_power_2.4,rf_power_2.5,rf_power_2.6,rf_power_2.7,rf_power_2.8,rf_power_2.9,rf_power_3.0,rf_power_3.1,rf_power_3.2,rf_power_3.3,rf_power_3.4,rf_power_3.5,rf_power_3.6,rf_power_3.7,rf_power_3.8,rf_power_3.9,rf_power_4.0,rf_power_4.1,rf_power_4.2,rf_power_4.3,rf_power_4.4,rf_power_4.5,rf_power_4.6,rf_power_4.7,rf_power_4.8,rf_power_4.9,rf_power_5.0,rf_power_5.1,rf_power_5.2,rf_power_5.3,rf_power_5.4,rf_power_5.5,rf_power_5.6,rf_power_5.7,rf_power_5.8,rf_power_5.9,rf_power_6.0,rf_power_6.1,rf_power_6.2,rf_power_6.3,rf_power_6.4,rf_power_6.5,rf_power_6.6,rf_power_6.7,rf_power_6.8,rf_power_6.9,rf_power_7.0,rf_power_7.1,rf_power_7.2,rf_power_7.3,rf_power_7.4,rf_power_7.5,rf_power_7.6,rf_power_7.7,rf_power_7.8,rf_power_7.9,rf_power_8.0
train01.csv,5.935076837195951,8.63142014337503,10.475044188683889,-19.34373,39.39125,7.334288,16.699768,23.692183,29.335526,3.0142096305314507,0.8418242191897826,581120.0,179168.0,7.255759957135203e-05,0.5315952577353127,0.39009349999999987,1.0012385000000004,2.4380805,29.36749,8.752572737626943,110046.75112042182,118217.0045949542,128628.06878396965,141819.00730157926,158491.10651447705,179557.8210963208,206211.23066357645,240010.610796798,283000.6869686069,337869.806950974,408161.8913927876,498560.95261677704,615273.6863446452,766544.7950540069,963352.1931314149,1220346.3052269418,1557120.9921006544,1999935.5470386813,2584050.895472774,3356902.994747202,4382418.516531639,5746890.525736485,7566986.51362024,10000673.601133777,13262137.787830306,17642175.83196973,23536091.17390029,31481886.49714959,42212594.10454401,56728030.46775215,76393253.9922463,103073753.8397562,139321191.05193597,188628750.2873697,255782393.41645646,347344299.3341811,472318585.87040144,643068505.1443534,876580713.307188,1196208752.4337428,1634078445.2238169,2234407897.201249,3058091721.01051,4189033338.0279884,5742895193.92681,7879194455.482705,10818029003.816607,14863213849.059088,20434294977.100334,28110860411.02723,38693890136.03491,53290720864.94497,73432747601.15324,101238518377.49362,139639786101.4431,192694896846.54572,266023360603.85486,367408602111.5392,507634163401.8195,701644025464.126,970153015082.4962
train02.csv,-7.732027950401875,10.75398131980988,13.245088540761653,-37.650806,25.297182,8.5642,25.715986,29.840237,32.55238389300022,3.743290659020879,0.5247498624656393,581120.0,165818.0,6.0307083670047884e-05,0.34287388525810836,0.21896749999999976,0.7079255500000001,2.1705469410000005,31.473994,10.903307131193115,60187.92975460052,65572.03786674072,72650.3011362561,81877.85475783129,93867.21698182664,109442.70478704864,129714.95809695846,156183.08072237798,190874.77612981785,236538.83129352328,296909.8123698575,377072.4799799693,483964.0420078417,627067.0969800549,819366.5952655567,1078672.60685924,1429450.2663704725,1905353.3349025284,2552734.4631145066,3435511.9504219494,4641921.415198218,6293887.843489289,8560042.027277682,11673807.621347208,15958545.869296543,21862527.207610197,30007590.060102243,41256869.550061285,56809103.52676652,78329989.06378967,108135203.18729538,149445483.47155276,206742239.26922768,286263444.14841634,396695318.8636821,550137333.7023977,763448831.0800953,1060128578.8012315,1472938686.0968485,2047568367.532424,2847750564.416716,3962408777.9327607,5515641311.593503,7680671602.544523,10699343025.953629,14909365690.75621,20782402987.608337,28977317346.02049,40414618294.20958,56380568193.185616,78672777367.70172,109803846482.22943,153286230069.30063,214030757633.6955,298904217360.5464,417509566423.6354,583277760473.1108,814995805967.1843,1138945513658.634,1591897287771.5115,2225301135342.549
train03.csv,1.926783167282217,9.019780884320642,9.223282527109216,-28.079456,29.944937,4.349066,17.703989,23.109097,24.655691,3.661141249317629,0.669239046458161,581120.0,173099.0,6.932449060942005e-05,0.43666217038211663,0.32526330000000003,0.86949425,2.3363672755000002,29.0121965,6.722594163783356,80294.98308947597,86319.24389301313,94173.2499598804,104312.04592414212,117337.28895694934,134045.05401533563,155490.39809789788,183074.65887818413,218663.65121008485,264747.92267200514,324660.33966775396,402871.91595773445,505394.54065666604,640329.9047489102,818618.5558388538,1055063.1357081477,1369727.5510215184,1789851.9597283867,2352475.979377432,3108034.899004424,4125293.4438366294,5498119.2171799475,7354787.716399919,9870772.675257929,13286336.90824703,17930737.821168583,24255550.8450951,32880565.90756799,44657027.177471295,60754803.74455131,82782590.99591422,112953715.44401295,154314918.0931392,211062133.11618078,288976465.7121241,396026283.1154591,543198919.5373098,745649834.0707333,1024290746.8995284,1407984910.3294208,1936582230.036434,2665116342.130026,3669609538.912182,5055102876.341414,6966766259.947545,9605272255.166218,13248073095.841934,18278851795.42816,25228293225.40868,34830533552.64371,48101326911.59531,66446297435.97809,91810873526.27242,126887977226.95616,175405747139.72214,242526177400.70786,335397485905.60284,463919569555.9096,641804848860.5593,888048626778.1116,1228967225528.5828
train04.csv,-2.4779050628525248,6.969851630661143,7.397218751256446,-54.09785,38.48947,4.9852424,12.204809,18.897152,22.26033,3.2064087524992657,0.8350372397614809,581120.0,171863.5,6.109499690161087e-05,0.548446298629389,0.38053649999999983,0.98004125,3.9159131824999998,46.29366,5.808195874769418,183400.30593752777,213585.1414556544,252401.08732362802,302431.02532035066,367121.1514242928,451084.2783573024,560515.0581275523,703759.8490491982,892100.7542637814,1140836.927084562,1470779.3527540958,1910321.9186127984,2498317.2720027734,3288078.693102857,4352960.300199842,5794153.488464136,7751600.587449989,10419300.15695087,14066809.07543201,19069501.777349576,25951222.845895454,35444503.515550345,48575703.22536257,66785568.07745991,92100176.78580393,127373657.94920611,176633254.19378805,245570494.14399958,342241163.36895406,478063965.2101662,669246874.3785431,938826468.9918523,1319586575.9787035,1858239357.962079,2621420380.1167736,3704292187.130372,5242901731.793186,7431943760.120164,10550314703.778244,14997900822.808817,21348576816.977566,30426609435.70285,43416873192.06232,62023939834.471,88701849863.40019,126986157438.55377,181974031664.43964,261018791890.65442,374735152037.238,538454866212.65393,774335539847.1045,1114417024043.5037,1605053038656.8438,2313339387052.333,3336441876477.796,4815136960120.407,6953474614021.795,10047341213399.342,14525964290179.707,21012241952638.08,30410461196426.016
train05.csv,3.0745978793732656,8.83038255181263,9.350337327134435,-19.364319,29.429405,4.492564,15.011532,24.65888,26.393618,3.2607811568615457,0.47616080020375257,581120.0,176329.5,6.521880910454576e-05,0.3043319589976691,0.21896800000000027,0.5995044999999997,1.354200210575,24.396862,7.117834475035451,38583.82646617133,40422.060496360995,43219.30717665466,47206.716708116786,52697.216241170536,60111.79094953272,70014.9847171001,83162.80690332023,100567.36481161324,123584.07709910741,154029.40611718647,194339.87382350262,247786.96416299883,318767.7290322473,413198.0011666991,539044.7510417544,707047.2262958797,931694.33489726,1232549.9856270025,1636051.1098883545,2177948.0316114025,2906618.0551496996,3887566.5067775766,5209543.044013968,6992855.820380108,9400677.044586824,12654421.047982037,17054668.075164407,23009641.72516067,31073977.284355275,42001513.087371826,56817194.43558948,76915031.84322503,104191583.2181506,141227879.90028006,191537426.5134632,259904335.05261755,352844433.98073536,479234183.42923725,651168603.1756434,885131787.0925264,1203594131.426858,1637192145.0536716,2227703739.199386,3032109818.8880987,4128139483.7688627,5621841672.175175,7657924978.847756,10433879238.06377,14219264084.890278,19382057731.841797,26424653742.29908,36033043190.397545,49144018025.19809,67037006950.173096,91459583119.92107,124799003437.78252,170316680540.20944,232468699878.61514,317343990256.07043,433263377683.68567
train06.csv,-6.8977824869157445,10.94057002207665,12.933502064203795,-44.113018,40.77429,7.615516,24.231573,31.306578,34.11702,3.6637666244012634,0.6476328433993609,581120.0,164690.0,7.893618313194486e-05,0.4300420206132036,0.27211549999999995,0.8163464999999985,3.214365365,42.443653999999995,10.36462032733207,112650.95686180948,128109.08384847283,147843.8150070599,173082.83593148756,205470.55055551915,247216.87209890978,301302.3158360169,371761.32465989265,464074.5260734289,585712.95089836,746894.6090781927,961638.298098962,1249234.0659830163,1636298.5506699076,2159652.415738076,2870354.744892146,3839367.5517824944,5165519.588312077,6986716.7057827385,9495740.763962746,12962539.83236231,17765709.528560337,24436999.129738085,33724289.77261813,46680790.0815993,64791468.993011236,90152413.75226116,125725459.77094007,175699941.7260103,246006983.1737021,345051123.09556043,484751775.32171124,682026616.3484547,960905636.855152,1355545637.6267455,1914530963.2052338,2707012396.0493493,3831474117.9323783,5428259683.709503,7697476840.075475,10924602089.847326,15517111565.440464,22056907827.775497,31375383516.75807,44660936755.49884,63613024468.593155,90662975932.76958,129290606599.6987,184478346765.30237,263362822684.14493,376170034803.8706,537557976250.61554,768544776304.0901,1099278516177.9249,1573017234808.609,2251849434351.257,3224918395049.7686,4620249227712.313,6621761123850.579,9493744035841.674,13616083268019.914
train07.csv,-0.013323069124955393,7.273800356599723,7.273812558200903,-24.620083,21.027306,3.2547574,14.105366,18.582518,20.33001,3.5945528040243033,0.5696482651749413,581120.0,177914.0,6.744831772654204e-05,0.36832686036057305,0.32526315000000006,0.6526525000000003,1.5221466000000001,22.823694500000002,5.25024599581654,47100.421891210106,48267.90814462278,50205.53800339315,53064.19831979847,57046.05300446742,62419.59045320893,69539.6730962814,78874.2129781612,91039.64608700045,106848.11178959117,127370.22550134583,154018.6476460457,188659.41425193642,233760.3577061025,292589.11666899105,369477.4895803593,470174.60011822224,602319.0181345762,776070.2927247506,1004954.2164064671,1306994.7780730263,1706230.8305499854,2234749.223515682,2935411.5357787823,3865512.6281168032,5101691.483146682,6746525.55609201,8937389.047514329,11858356.50328356,15756203.994603898,20961925.18094006,27919671.669116642,37225690.59979359,49680727.17959727,66360566.74898912,88711019.05079015,118675843.99631903,158869082.42533058,212807255.9362523,285222299.96291757,382483384.52192163,513165620.39304066,688816940.8223302,924992400.9708331,1242649385.9247837,1670029975.590703,2245200972.385722,3019481899.6955266,4062072094.576977,5466297243.291619,7358043346.362724,9907145681.942822,13342770166.704155,17974189356.264835,24218848688.48665,32640285791.591908,43999368110.96691,59323534791.08328,80000380075.70593,107904149596.51476,145566743762.95987
train08.csv,1.3630155787564413,8.907250103750018,9.010933130297186,-25.758049,28.776934,4.3571205,17.241022,22.83452,27.11254,3.6894696107644167,0.7282744722258249,581120.0,178412.5,8.687732081552581e-05,0.4537378056930709,0.33374624999999947,0.8885447,2.165015595625,27.2674915,6.829841803407951,79419.91488486913,83978.46957794097,89989.11855265938,97787.56347070853,107817.16167850955,120663.28634720967,137099.63742099653,158150.72040585062,185176.24293394404,219985.27457560948,264990.88268835517,323419.88354058,399597.72850448464,499335.9229309096,630459.4975957689,803525.947607576,1032806.136902946,1337623.8871486112,1744187.012926084,2288092.1297940398,3017753.746463251,3999101.984808153,5322022.442099582,7109189.582820099,9528190.057466175,12808169.92711781,17262705.02342983,23321235.036708593,31572286.272318482,42822927.67687196,58180587.20686383,79165676.97973385,107866679.13841975,147153765.99520177,200973132.07014233,274752643.6650008,375961050.2718071,514879076.94509757,705662921.9020494,967811361.2166803,1328190050.9631243,1823825194.6367898,2505759703.115939,3444376881.1645274,4736751376.222416,6516801011.271409,8969308867.834042,12349293958.706078,17008774440.769485,23433749634.01305,32295309262.47838,44520275367.74629,61388853510.86328,84669635604.43018,116806262148.66907,161175539229.79126,222444400257.60638,307063613890.8981,423950689274.3998,585434570392.179,808562593439.1329
train09.csv,3.968364001449333,2.8841222881098316,4.905718522374767,-15.130052,31.197628,4.1901546,7.2387,10.708173,15.15131,4.096766013944673,0.6485443902944161,581120.0,179333.0,7.80670596042e-05,0.4109671841581193,0.32738884999999995,0.7631991499999999,2.1705470051,23.16384,4.202007859871111,74693.37724254382,79994.75167457564,86834.65341748833,95522.3650541777,106451.3034535927,120120.93953528939,137165.09705796154,158388.5011923476,184814.02721437215,217743.86139345358,258838.78915504186,310221.1483905694,374608.7328206451,455489.24069365865,557347.9232391441,685965.1425902819,848805.9307181076,1055530.7908253449,1318666.4912327183,1654488.259631611,2084181.65170244,2635374.8621672597,3344162.272727184,4257780.14629681,5438149.013945456,6966569.07451029,8949951.042384503,11529093.68608028,14889692.039594531,19276992.08119756,25015318.964826643,32534124.1695264,42402759.314472094,55376940.95569727,72460889.05787453,94990493.35827988,124744709.933558,164094881.7845857,216205037.79520065,285300759.21869946,377030324.95852935,498950115.5022993,661177427.6624539,877268954.0100557,1165403601.9657774,1549975951.8561964,2063744035.088573,2750725716.984659,3670106492.853642,4901514326.792186,6552142934.464493,8766375382.018208,11738790995.929962,15731752019.40346,21099191643.029663,28318801972.944115,38035603529.16663,51120940867.870964,68752392334.46788,92522042357.77151,124583227839.8711
train10.csv,-3.144712691729918,15.500436437273633,15.816217868361809,-51.528698,36.99815,7.263148,29.266243,42.55314,49.462322,3.8941132737901856,0.628361421653966,581120.0,169654.0,7.662654579320263e-05,0.4182857727403097,0.3252630000000001,0.7610736299999998,2.4469145,44.263424,11.531899359956798,84273.03523885833,93832.586322633,106654.85086262143,123806.38215763544,146769.09465162436,177607.27848466337,219204.60438440274,275600.9412547339,352471.7014735872,457810.9414418859,602906.0433772038,803730.0417810158,1082932.6553986433,1472690.2259118068,2018788.6956256167,2786477.8376562516,3868871.346279204,5399008.088717099,7567180.988036211,10645848.322093554,15025463.971917387,21266037.414920725,30171361.963882145,42895921.23380757,61098918.65602989,87166279.50817199,124530726.07973857,178133391.75379464,255089751.7399206,365650557.42515564,524588801.26415634,753202054.8099711,1082203835.4853888,1555899573.4995456,2238219061.1484747,3221432271.9373507,4638744302.128225,6682498808.124086,9630491357.382973,13884011216.067371,20022846638.244343,28884828197.814697,41680870712.05344,60161375403.51616,86856948637.74776,125426664442.29391,181161968084.5705,261715848295.47125,378158081526.65875,546502497103.3721,789917591264.1035,1141926505327.8457,1651039525261.1226,2387460903958.997,3452799551218.6187,4994129967877.24,7224353664750.639,10451686172542.186,15122362302095.39,21882488909181.438,31667635647401.6
train11.csv,7.935478603394098,4.63180149310024,9.188329866543276,-13.06952,32.471573,7.955661,13.733864,16.85469,21.395618,2.643928643057798,0.7197281614633149,581120.0,183361.0,5.453722438250228e-05,0.4553663952374414,0.38053654999999975,0.8163470000000004,1.9558305000000002,22.770546500000002,8.087646766637544,85015.34855237394,91103.47193754205,99103.03779199463,109450.17620635018,122706.21329736823,139592.95965495319,161038.67329974938,188237.96192768784,222729.92123468348,266500.1682846041,322114.2288634481,392892.1186597835,483137.1102892556,598435.8550638447,746052.5675682081,935447.3324894855,1178958.3568432608,1492700.9674982582,1897753.4128443804,2421722.496755945,3100812.661406762,3982562.895338011,5129470.188923197,6623790.760983765,8573907.056971814,11122777.768030893,14459160.826687595,18832530.22682879,24572916.346241023,32117312.72264455,42044845.522510216,55123643.010442056,72373335.33217824,95148446.06831959,125249722.16181332,165072843.74596912,217807169.61158466,287701489.4067551,380419549.4651428,503515905.9879441,667073124.6499736,884555415.5021646,1173952713.7253597,1559314671.3125324,2072808277.8499098,2757478934.8881135,3670956887.232412,4890434522.035143,6519352678.935226,8696385886.98853,11607521009.696154,15502299569.197296,20715665921.63984,27697365078.403843,37051510712.757286,49589857096.39194,66403541260.1307,88959725587.82596,119231817757.39963,159874979160.07776,214462731488.38882
train12.csv,-1.5447622467630027,4.242997908846007,4.515453648693105,-36.812668,21.858004,1.5343705,8.567921,14.022987,18.644701,5.048802082521351,0.6439195730259767,581120.0,173377.0,6.921333279500742e-05,0.42133086236386313,0.3252632,0.816346775,2.0748821150000003,29.335336,2.627355795946299,69973.03539454498,74000.6164712359,79310.89353233308,86178.77031755485,94962.07764669685,106125.77832636272,120274.01709220318,138192.58723508785,160905.26769257995,189748.67370069842,226471.87026502413,273369.1700607233,333457.4794803265,410713.5462113742,510391.87838617736,639451.4677597145,807129.4673696242,1025713.6198133465,1311583.837974338,1686618.7332202666,2180097.5752691966,2831275.598891737,3692875.481984776,4835826.722687555,6355706.508059118,8381502.8448196035,11087550.235768592,14709803.50588862,19568048.89505577,26096247.946775056,34884030.784495495,46733486.41245478,62736956.68946923,84383690.8032569,113706184.27587476,153481123.4608844,207505516.2833757,280976412.81711406,381013437.21468824,517378319.35521257,703466331.1173307,957673220.0028931,1305280976.1882224,1781060851.3340278,2432868419.2758417,3326611399.523882,4553117949.779028,6237637158.021207,8552986761.370162,11737756620.806091,16121523236.372501,22159790521.0289,30482428599.77385,41960851766.82532,57801220790.984924,79673799052.10124,109892550846.55322,151664581765.74002,209436696199.22824,289377037588.75336,400044671164.1739
train13.csv,0.020318925604689213,2.918788630322144,2.9188593537948253,-21.768717,19.656631,1.0592312,5.6299224,7.4316254,8.749179131000222,3.8448258608513557,0.6949876519793077,581120.0,180887.0,0.00010503795187050478,0.43530249902484974,0.32738907,0.8694942999999999,1.8474097,20.712674,1.9042555073242298,68243.7462139329,70668.36108507091,74039.1698932627,78542.31862975424,84421.23251119588,91992.68746497124,101667.9586586552,113980.62765381444,129623.14399457882,149494.91831075307,174765.62764372467,206958.61335595604,248060.84582247806,300668.04898973426,368176.3963653295,455035.9409542942,567085.9359081395,711998.8551969574,899868.7886705218,1143991.7038182542,1461900.8266713503,1876741.4188826252,2419097.2847780944,3129418.7948570945,4061252.222309988,5285536.98592817,6896326.635279978,9018408.675594658,11817457.747780189,15513569.825186124,20399310.136161663,26863788.808300048,35424788.35708102,46771649.782466665,61822537.71073188,81800928.14502943,108337800.0720689,143608205.30212337,190513828.37751764,252927083.4278162,336017567.09141254,446688751.5372127,594162270.1446342,790759840.0777817,1052949880.3564818,1402748696.3759956,1869596691.91127,2492871094.340334,3325251704.228365,4437229993.28757,5923150901.168165,7909309548.917154,10564803379.393723,14116079507.766483,18866438208.209946,25222184532.309406,33727698734.366783,45112473088.82501,60354205827.49816,80763443658.70203,108097145407.35623
train14.csv,-2.90958339563343,2.9012342598212286,4.108872809726068,-20.387941,18.265228,3.2404077,6.497291,9.354505,14.023395668003548,4.096077493928264,0.5397878651185435,581120.0,170085.0,5.879413234559191e-05,0.3549802560620455,0.27211549999999995,0.6547781500000003,2.07062952275,19.326584500000003,3.4464503893916514,63632.20093226485,69343.72685429084,76697.46997374039,86041.35011090922,97818.82135790837,112593.82644806243,131082.91215214255,154196.54836593603,183092.30302650252,219243.31679737626,264526.551547637,321336.6282111098,392732.81847442803,482629.0364757059,596039.655922114,739397.8707279954,920968.4069147364,1151383.0523792421,1444336.1883502179,1817488.9248758862,2293645.4080352904,2902284.4911647523,3681555.710371183,4680882.303864769,5964358.404613027,7615185.862949337,9741472.831306156,12483817.084482871,16025229.729758447,20604129.608384285,26531368.671628676,34212551.58253926,44177312.06609951,57117734.91399847,73938806.76645258,95824694.67717849,124325860.2163855,161473612.65782532,209930812.25132823,273190218.63326484,355835658.43617356,463886049.26402,605248747.3988574,790317191.28398,1032759064.3818612,1350556090.63677,1767376285.0357468,2314385577.3976192,3032640287.607565,3976247711.7544007,5216542738.911767,6847608812.04529,8993578117.521904,11818287191.08968,15538051524.151844,20438571330.8282,26897310436.16789,35413127897.74741,46645522862.49237,61466624316.26181,81030081322.54434
train15.csv,-4.097311944669335,4.974653287566469,6.444776218258155,-31.82583,23.473158,5.3795977,10.558297,14.155325,18.394375,3.8630453076530085,0.6022250289972272,581120.0,175861.5,0.0001051964187727274,0.3897858235394501,0.32526299999999964,0.7610732000000002,1.73898866155,27.649494,5.48981669283887,60919.800821334095,64392.62285358098,69135.74420628516,75434.73544350883,83664.089361789,94313.63361790357,108023.56421481553,125630.93238411991,148231.38694398812,177261.27983403404,214607.00339170103,262750.8059272563,324965.54742337967,405575.20938663016,510303.87022131716,646743.8565232465,824984.6407330702,1058458.8134194112,1365081.5306336288,1768787.160046448,2301604.0735973064,3006459.286441858,3940973.890530739,5182604.785761951,6835617.410332112,9040550.826768517,11987078.21902437,15931496.754546244,21220534.055421315,28323779.834209178,37877903.339068644,50746986.466806844,68104907.59862635,91547916.06253436,123248567.09761247,166166353.00306076,224336096.1432522,303263054.35614336,410464543.96397245,556212834.5140722,754554664.8234434,1024711115.173254,1393000705.9041395,1895482568.0553722,2581590998.9768257,3519135487.5921583,4801182172.094301,6555528615.913652,8957754420.057041,12249204122.132687,16761775630.763826,22952101874.891197,31448701231.30166,43117038619.98656,59149329331.717636,81188533093.70432,111499605640.63698,153206085817.73035,210617033893.78598,289678944114.23376,398600561341.15533
train16.csv,-6.395611893799451,9.9425281820323,11.821916855849372,-55.69706,28.331377,7.685671,20.011656,30.823997,39.7698,3.4137905385356513,0.644720409666739,581120.0,162978.5,7.056145442497016e-05,0.4418997626814549,0.27211600000000047,0.8163467500000001,2.9465015000000006,42.0142185,9.360819636637764,123756.15592192952,144119.72354228725,170612.45347632523,205081.98698532666,249997.38732144306,308665.8756030291,385528.6084301093,486565.11145487626,619847.3605211504,796300.3317284957,1030747.8945284439,1343353.6817050856,1761609.5247295653,2323084.09445141,3079228.4305348257,4100652.7853298336,5484454.324972892,7364407.005479594,9925150.5834322,13421973.650169663,18208430.084636647,24774936.167692013,33802775.403883904,46239743.630749,63406216.1075965,87144019.76221654,120025585.6041117,165648060.005813,229047251.5806191,317280736.38552535,440249919.9827194,611859894.307657,851657135.182572,1187143593.7410686,1657048848.6836405,2315960115.61718,3240877890.783961,4540503993.277952,6368408936.905998,8941709969.10191,12567581227.939838,17680901070.792984,24897744123.78852,35091426206.86413,49500665213.35126,69883496668.93445,98736403223.7031,139606432834.15204,197535964606.61908,279696771704.1262,396294329611.098,561858080707.2971,797083114652.4678,1131459941350.7463,1607031015459.5867,2283758752597.878,3247199088423.8286,4619474627156.055,6574971515764.929,9362800948858.707,13338950921518.86
train17.csv,-6.190596466655105,10.358194617430582,12.067132233697059,-49.495808,28.950016,7.500717,19.728912,34.236073,44.397892,4.194837472130619,0.5744796138557232,581120.0,166816.5,8.092724640548147e-05,0.37903536585475056,0.2721139999999984,0.7079256,2.4532925,39.222912,9.254513237306094,87746.60561036729,100167.3477168855,116440.41163186447,137709.65340209362,165512.24216282344,201918.396968347,249723.41425897856,312712.0537695026,396023.2463673928,506654.13917413296,654157.9806024802,851612.0735554607,1116962.5318090173,1474895.4513572138,1959444.4235517622,2617629.2322719223,3514540.21968697,4740451.500419194,6420784.229480222,8730077.200815314,11911596.854975063,16304889.974254996,22384531.71827454,30814665.214780115,42525831.315744765,58823282.114424646,81539791.39307311,113251391.02533914,157582144.8830439,219634974.09142208,306601024.98760813,428622052.08781767,600011516.5953666,840984482.0093329,1180109482.7721314,1657785268.5932007,2331172966.6075006,3281195828.76499,4622477249.411129,6517455801.235453,9196440204.03487,12986113806.28675,18350062032.675323,25946412451.437267,36709838456.99127,51968259237.7166,73608963545.78525,104315153689.41223,147902850079.24976,209800859547.6341,297734726675.0902,422701591265.9693,600360003176.455,853011766014.7942,1212428609259.8557,1723884667438.0435,2451910306207.343,3488503699940.2944,4964852225172.307,7068066942962.236,10065078502141.812
train18.csv,4.061950140234934,10.873316431167357,11.607258468477758,-34.129246,37.60297,6.30968,22.130651,28.11294,32.241444,3.474838800795171,0.6225820462183452,581120.0,160640.5,6.53633423700748e-05,0.4250567312546867,0.27211549999999995,0.8163467,3.1633437000000004,35.866108,8.620451870757762,109596.60659920049,125331.78628754416,145481.4147107358,171298.51397745343,204448.33358426052,247149.5810519667,302366.7313014976,374072.395716654,467605.97114409326,590164.8356745301,751478.3163869566,964734.0678051884,1247853.527185496,1625250.774709635,2130261.65324253,2808503.3204100374,3722526.8244078746,4958268.46907043,6634006.019481298,8912806.161791371,12019842.328586299,16266512.367146578,22084057.295098282,30070465.191720925,41055964.22702549,56194543.43316335,77091938.98105669,105984739.40509607,145991191.2817643,201462626.10146204,278476164.52207863,385525874.79486024,534492826.85988307,742007255.9968933,1031362229.6245744,1435203301.8402803,1999310412.6188028,2787917713.6974196,3891199576.0203056,5435808642.192121,7599715355.949167,10633111628.692312,14887865953.098907,20859040653.490685,29243427509.047997,41022100246.70114,57576868231.283455,80854594254.46738,113599104610.22,159678570548.36923,224547765723.7149,315900904097.29065,444593818083.03345,625946852150.3839,881585993291.1906,1242045059040.9507,1750444177955.3604,2467690602686.4766,3479833063870.3486,4908463029162.896,6925427429603.775
train19.csv,-0.015160703197088298,3.1031879630466754,3.103224996824949,-18.483664,19.99518,1.882487,5.173385,8.6428585,12.397203,3.8080892251376617,0.6917531750923924,581120.0,180603.0,6.644407900200993e-05,0.4398478257753498,0.32738908,0.81634673,2.129028105500007,19.239422,2.2826247176897474,82499.91351752626,88425.52651800212,96067.0755690645,105779.92921912375,118014.80216958807,133342.3488725794,152484.67663954035,176355.7272666131,206113.04850063717,243224.2181841202,289552.1458731128,347464.72598588513,419975.9404333419,510927.62133435375,625223.8350791882,769133.4329788138,950680.9867345073,1180152.4239623474,1470749.6390389875,1839438.7533143621,2308050.291523953,2904707.3193424353,3665680.8521122877,4637802.306818957,5881602.6755684335,7475400.40370523,9520628.545189016,12148781.754931234,15530481.792437188,19887315.31479837,25507301.502300873,32765114.866469573,42148540.710760966,54293103.877236366,70027420.87265643,90432627.73628476,116920292.47355261,151334612.56745106,196086532.00015807,254329829.70970622,330192419.2150848,429080304.05989003,558077181.9997478,726470013.8600137,946440541.2610031,1233975505.6890826,1610065188.4022627,2102282178.1688492,2746861731.6810684,3591444036.5547104,4698690187.650836,6151051808.742026,8057064378.814796,10559653592.462261,13847101956.464767,18167531840.818848,23848037990.648643,31319969119.12374,41152343893.08812,54096030201.464485,71142169557.88293
train20.csv,-8.254081131711008,9.115645027425586,12.297350917774791,-39.69805,23.130886,8.774665,22.461227,27.88228,32.015038,3.578433132018178,0.7415690338206946,581120.0,183959.5,4.620582247723004e-05,0.4663678549673678,0.38053649999999983,0.8694949999999988,2.0663780000000003,31.414468,10.247889890033864,88454.72499199642,94564.6195239037,102601.20751900884,113037.86737715309,126497.78031549953,143801.96013589774,166033.9015235224,194626.73769332562,231480.95431950974,279123.66468538623,340924.5139446907,421388.86704859056,526556.6242638881,664545.6013853371,846293.0177713442,1086568.7904400388,1405362.1657736665,1829781.6841926877,2396661.66318263,3156141.9848595336,4176589.878987874,5551373.565454507,7408193.298331284,9921946.718405735,13332481.928977214,17969114.339129172,24284509.095002696,32901539.22432921,44678130.987658605,60797056.32075682,82890342.16906986,113211736.88928697,154875921.42711577,212190458.6835209,291116648.65160596,399909629.8682426,550007816.5742373,757269286.6325552,1043691109.8408899,1439801118.8176253,1987986264.2295933,2747125827.347904,3799043070.061647,5257491709.986527,7280676727.176619,10088704319.452263,13987907887.740658,19404768049.714012,26933221956.662544,37400662437.49718,51960031084.18973,72218349638.22412,100416144336.164,139677964705.41238,194362234438.64667,270549910978.0552,376727151007.005,524739171158.66736,731123262889.6301,1018971976407.824,1420537744166.799
train21.csv,-0.14193800490695904,3.924486718011482,3.9270526348758685,-33.045036,24.541424,2.0663779,7.189804,12.10064,17.245325,4.9090254951314805,0.49354003712639544,581120.0,164740.0,6.070171178827243e-05,0.3292314486591538,0.21896799999999994,0.6547780999999999,1.964334259,28.79323,2.727900700802598,52132.326739919146,56152.536779284004,61435.32795668732,68263.30004458051,77006.34505028976,88147.35878985291,102316.35947447017,120335.7670851117,143280.54129051664,172558.14654124476,210015.02677852794,258078.58657589095,319946.8048953027,399841.84389142005,503349.7560913542,637876.1812623837,813258.4997071936,1042589.2828440287,1343325.4369880236,1738784.0629823515,2260162.340719673,2949268.2384248013,3862216.400156074,5074435.844121536,6687462.252044732,8838160.19947045,11711256.914785065,15556392.766528267,20711337.266498413,27633627.800032668,36943723.31198515,49483911.84720005,66398786.37772152,89245269.3304433,120143145.51547989,161981163.24149945,218699408.73910016,295676435.71928006,400260349.66283214,542497824.2219893,736135411.8277568,999995641.5265955,1359869233.7570167,1851118399.8719673,2522260303.4319935,3439902191.8425884,4695541336.124641,6414938812.245377,8771047204.591503,12001847465.317463,16434969574.899199,22521691015.115288,30883903661.391827,42379020770.40233,58189710148.689384,79947994035.70995,109906937773.2898,151178256701.6699,208061257913.83932,286498370374.62683,394706173522.2224
train22.csv,-4.087055865378639,6.811861061945082,7.943895566658057,-31.297544,19.932467,5.2509804,13.669557,15.842229,20.021755,2.2828408317520292,0.7306704148401909,581120.0,183895.0,4.894097175018353e-05,0.459900460417559,0.38053667,0.81847285,1.902683172,25.6150055,6.418031802404562,87913.84751836513,94758.80590473446,103796.20148682942,115560.77687597761,130746.6116295324,150254.26000733348,175252.6923379325,207260.7544585142,248254.4044772755,300808.04385753337,368281.00386388623,455063.91127312346,566904.5511336676,711339.3887494263,898265.6719995695,1140700.7674840887,1455791.111573,1866154.2567712865,2401665.820524658,3101841.2006997,4019013.0876005804,5222574.6384625565,6804650.850741105,8887685.508082565,11634599.348699294,15262402.073230438,20060447.120487116,26414931.77165431,34841804.013145134,46030993.10740952,60905902.732047476,80703488.50016713,107082114.17827865,142266917.52439997,189245854.5718465,252034252.82216567,336032027.6821881,448506299.1382532,599243798.9932469,801433288.3467276,1072859715.7826985,1437521089.9378145,1927818810.9588838,2587526314.597348,3475814527.251328,4672712899.698504,6286521355.891739,8463874566.506514,11403413565.61522,15374365498.875149,20741803866.03441,28001004973.2675,37824194283.151024,51124174860.41057,69140966660.042,93559820719.88187,126672026317.67883,171594102795.58368,232566673021.13223,315362116401.8839,427840768456.72253
train23.csv,4.420352608073618,11.766261792722446,12.569185882728574,-49.762604,43.288166,7.4879622,22.437313,29.278265219999934,38.656887,3.336114147268077,0.6995383835527877,581120.0,163524.5,0.0001070176028668487,0.46397611266336847,0.32526299999999964,0.81634673025,3.7075749387499988,46.525385,10.16112060368902,139800.22359926236,162985.18390337384,192885.24967967728,231502.6764070138,281516.7171734676,346524.8289241324,431374.6137005605,542621.8101766674,689163.7991974254,883118.022854041,1141042.8478465187,1485638.1535941935,1948119.1646116334,2571536.7123038527,3415430.092374785,4562359.088342323,6127089.702084015,8269532.450087089,11212993.902910108,15269960.351075582,20878571.387061343,28654281.599096563,39463123.65568009,54525724.233078994,75565142.0362317,105017206.5792447,146330073.0444954,204391229.88014776,286136722.6469104,401421078.2507119,564260478.1521368,794610673.9796698,1120911500.2874033,1583731037.8103528,2240988100.6145124,3175441356.914451,4505435321.911751,6400328499.457169,9102656040.69723,12959983578.765198,18470713429.115868,26349986971.125942,37624544921.87865,53769332358.22546,76904305938.47205,110078095746.496,157677021173.1145,226015092203.62927,324185409702.80566,465289237828.47565,668210925250.9214,960181999267.1843,1380486587926.7073,1985817981176.5825,2858024588110.274,4115314656048.713,5928469146878.146,8544308269770.699,12319666853834.336,17770598620413.766,25643655190644.203
train24.csv,-4.560233086580943,4.285552893095039,6.2579301213310785,-29.688766,21.315899,4.8327093,9.845588,15.0455475,19.22750438200266,4.418389168003692,0.5000816658823496,581120.0,174117.5,6.60473530805347e-05,0.3181982406233118,0.21896800000000005,0.599504686875,1.79213617975,25.5023325,5.2530695132739815,55553.095319254644,60927.163023975794,67987.95457069183,77128.28606961935,88858.72798216011,103841.493258203,122934.93885728228,147252.01180042504,178237.0575464877,217766.8528164054,268283.64731627796,332970.56029212405,415983.0945169311,522755.09202478774,660403.5518357505,838264.8829430549,1068606.078971318,1367568.9199041335,1756424.9042354105,2263244.9065877455,2925122.8522116225,3791140.116994233,4926321.103788444,6416916.18796924,8377463.631252203,10960237.48871553,14367897.978771232,18870443.182883836,24827941.909177266,32721041.769823544,43191940.94906329,57099450.401374094,75593041.55234534,100212489.9007849,133022045.83536096,176791205.68053162,235238410.58794767,313359765.0432863,417872679.26187253,557814932.7230539,745354024.6826807,996881174.8015251,1334490803.3965507,1787982260.1327503,2397569389.871774,3217549863.7893867,4321276379.69092,5807894452.004288,7811478292.2697735,10513423201.652256,14159261737.026535,19081491367.86055,25730573913.97829,34717046996.62072,46868750439.55129,63308618921.57645,85560466677.57552,115692882477.35043,156515025436.0028,211843122267.41724,286863303305.4985
train25.csv,-0.6673736492651724,8.56588120852295,8.591839643886525,-26.64341,23.978592,2.9183333,15.207115,23.19945,24.721594,3.492398467730063,0.5682464836653646,581120.0,173276.5,7.791016092776573e-05,0.3759579245445429,0.2721156,0.70579977,2.0621264999999998,25.311000999999997,5.937148062565053,61654.63295117674,65785.07231136778,71245.25357029203,78328.92535246101,87421.60359636118,99028.22882315076,113810.02344489234,132633.62817229697,156636.6658999509,187315.32524757224,226641.50763397058,277219.7226127746,342497.49260672275,427047.8753064793,536949.2859756573,680296.7237689821,867890.6218690858,1114166.0035640271,1438447.0068230794,1866642.2816330218,2433538.191026129,3185903.148318828,4186693.246294881,5520754.0166369025,7302555.859223068,9686695.28201415,12882159.564057164,17171714.73064759,22938271.27230129,30700757.348238744,41162951.639598645,55279988.34239383,74348969.26384372,100132472.68537003,135026968.4416756,182292552.40921277,246366438.0389015,333290885.9746498,451297534.85885495,611605540.3593841,829512074.6547023,1125882695.1835124,1529188752.1602798,2078293335.482678,2826261702.187599,3845574134.9204082,5235258991.572435,7130655352.123687,9716777407.451065,13246612988.95322,18066182666.157425,24648863404.48044,33642410178.847557,45933383938.55924,62735443627.97496,85710360304.05396,117133905403.50919,160123286104.42712,218949006096.23773,299462548399.51746,409682971406.5282
train26.csv,-1.4719406129912014,2.432371608306795,2.843068906845189,-19.981361,18.880144,1.9452012,4.466522,8.195356,12.451414,5.548410497685696,0.6184670673348854,581120.0,177123.0,7.904111831890833e-05,0.396922825878192,0.3252630000000001,0.7610732522,2.01960775,19.4307525,2.1541691958782088,69827.48910828712,74811.61821095142,81283.82603582393,89544.31357768801,99974.48226156365,113057.60231569188,129405.30640623427,149791.537034048,175196.05418594822,206860.22832917678,246358.64557169122,295691.09213486535,357400.8365599624,434726.884812651,531800.16918341,653896.6081589058,807763.8526576313,1002043.590969275,1247817.882989975,1559316.609128017,1954834.3737012902,2457919.914267903,3098920.3100865018,3916987.4637061404,4962687.3003135435,6301395.322276306,8017718.769155554,10221259.872368436,13054132.092873223,16700769.074097626,21400733.9228141,27465456.98210544,35300120.13152331,45432286.78455589,58549378.087839246,75547755.5265961,97597038.56190668,126224429.52938992,163425324.55828404,211808474.5983197,274786577.8344775,356826636.0834636,463778960.5202355,603309719.6975498,785469852.658836,1023443640.2117661,1334534056.060506,1741460288.9515307,2274066970.1442337,2971576554.5593586,3885558501.3462334,5083844708.54222,6655694486.414301,8718610048.631866,11427332805.022423,14985721923.364723,19662443306.807602,25811697368.51276,33900611732.591835,44545452038.19708,58559502553.64763
train27.csv,2.6186302409375517,10.947330088470155,11.256165439645805,-46.995743,44.42659,5.5863414,20.604782,26.616837,36.417248,3.3820056477292058,0.6531868824430943,581120.0,162625.0,0.00011068408916218294,0.43160632499219675,0.27211549999999995,0.8163460000000002,3.3307570374999815,45.7111665,8.703630802191759,122902.34325892384,142529.04944188052,167845.41682290673,200546.08349773375,242902.06777528147,297966.75193356245,369859.6032181574,464157.9304843929,588439.1220008065,753032.9246434092,972067.4725265894,1264926.889415719,1658286.5495759747,2188960.431012699,2907891.9048814327,3885756.8569023665,5220843.474848098,7050150.990889452,9565045.344658868,13033373.489424683,17830741.976100244,24484812.746856052,33738107.68819922,46637155.56324288,64659164.81756149,89892200.33860135,125291709.06332918,175046080.1181671,245098036.38375092,343888900.7852758,483421845.70638394,680781981.0442725,960311129.8562807,1356721397.7321386,1919555719.6801162,2719582131.2787104,3857965598.848652,5479431547.378099,7791168823.738385,11089989043.522615,15801368557.837887,22535599594.61638,32168586673.806267,45958158656.58418,65711582065.308975,94026917749.67856,134640915900.97578,192930676697.3371,276637317775.1442,396910285141.5403,569814921982.5214,818509557226.4746,1176390515097.2349,1691636867949.0361,2433780002661.6143,3503203042556.6445,5044880879775.337,7268259639798.805,10476026978711.441,15105760960463.77,21790238512607.227
train28.csv,0.131834878705219,10.870513344743237,10.871312745638589,-33.05301,29.02336,4.608426,21.313772,28.58436,29.893917,3.674091714418911,0.5067745461539847,581120.0,166480.0,6.607400288322922e-05,0.3272368771368963,0.21684215000000018,0.705799745,1.85166105,31.038185,7.317919059121232,51425.46623816868,55548.381925669615,61185.959565368714,68777.56944963211,78924.6649965052,92449.3619582339,110475.32474084063,134539.47639629635,166746.35688197252,209981.55250727967,268207.0152513046,346869.99097973574,453469.66682965186,598342.9062912941,795754.4862839726,1065410.7646528354,1434562.432118488,1940927.1672052024,2636753.9178310633,3594477.380329855,4914588.290389767,6736592.303012842,9254275.367861386,12736975.534651298,17559234.487760134,24242142.937944558,33511008.767777555,46375814.47752239,64243499.37901868,89074693.68066153,123602554.0636026,171638374.5105579,238498471.1240112,331600584.03388816,461297269.1460763,642040659.7504015,894010632.5051584,1245391112.3979468,1735553016.3661003,2419505595.6354837,3374122500.171247,4706851294.236707,6567898568.672073,9167279680.803387,12798677980.667898,17872836866.245872,24964298426.238342,34876829876.63504,48735018788.04292,68112515922.366196,95211604687.45435,133114661397.78401,186136317172.74915,260316688651.75677,364112240007.3408,509363536430.52844,712650961774.6937,997194062991.6914,1395512686603.2004,1953155687915.5032,2733925817989.6836
train29.csv,2.539481377924611,8.541671533119072,8.911179397168626,-23.306274,28.531746,2.0472445,15.533974,24.632837,26.68646,3.8885099703344896,0.5311553961780383,581120.0,176410.5,8.219465394633539e-05,0.34602129356024447,0.2721156,0.5995046999999998,1.6284417,25.91901,5.83824710621592,45340.71469555028,47008.541190132986,49543.55885924223,53132.82619907518,58029.465483033695,64573.65474604527,73221.04205246028,84581.17208254445,99469.44763623567,118977.4169185703,144567.90375910344,178203.84920029,222522.93717790273,281074.4457817223,358640.7244435765,461673.8280859701,598888.9370964945,782071.3445311268,1027174.4866994367,1355814.765186147,1797307.5417863983,2391441.4932948356,3192260.706322071,4273222.613715748,5734234.900562767,7711259.228024952,10389422.375486296,14020921.306212178,18949482.13524285,25643781.179019853,34743123.82119634,47119892.41510015,63964939.27921641,86904381.4838947,118159378.80326375,160764757.8723331,218868213.4379586,298139860.2807081,406332934.37779,554051556.887505,755802199.3233511,1031433908.1458361,1408111323.4715266,1923017986.8068254,2627060766.66987,3589946837.16901,4907142679.372794,6709413982.005836,9175905240.743202,12552074581.052256,17174288955.867455,23503556970.489765,32171799250.125534,44045323011.18117,60311906791.23923,82600289614.49377,113144138678.33868,155007074071.27206,212391515810.70764,291062616626.6698,398930217822.84705
train30.csv,-10.087520817000328,8.3863559999707,13.118271349215929,-35.58496,22.073782,10.507808,23.29724,27.995483,30.793175,3.6372334080657622,0.7097781522497797,581120.0,176410.0,7.369196757553427e-05,0.45991740900321687,0.32738950000000067,0.8163475,2.50218775,28.829371000000002,11.356344997238415,95023.65301444131,103558.07670945987,114462.20635343135,128292.88058620361,145769.45087905147,167821.9263969411,195654.50933926846,230829.57168917163,275378.84518150095,331950.9152823059,404007.239446252,496083.1387415315,614135.9333318596,766010.1420752716,962060.1752868708,1215985.214652198,1545950.3572581967,1976094.4630777133,2538561.03277292,3276237.3395640226,4246453.716566609,5525985.897854809,7217827.592327867,9460370.332888406,12439859.970764197,16407317.159627773,21701544.651150145,28780440.992417797,38263658.50103516,50990766.05974954,68100618.38323575,91139750.04034117,122210521.05694129,164173739.600014,220925987.20129764,297779440.26153487,401982400.49611413,543433096.2079301,735659086.3349147,997161848.4937236,1353263704.157677,1838646057.6776893,2500839431.6986084,3405024477.78025,4640639410.883858,6330477522.665171,8643218443.950264,11810696154.279263,16151703447.732826,22104819373.08015,30273696075.75021,41489555602.262764,56897465688.72729,78075480493.84082,107199216751.55159,147269260957.5219,202425486216.59647,278381615589.225,383026197137.6511,527253934672.04926,726115962586.7122
train31.csv,-13.866877700888402,15.550462412087526,20.83523886114923,-61.633114,33.649857,15.441496,38.17165,48.244183,52.419453,3.5782383336003964,0.6895334004063852,581120.0,159913.5,5.940711697261332e-05,0.4785822098083307,0.3252625,0.9779144999999989,3.2186161825000004,47.6414855,17.629589421353327,123634.5286495832,141146.61656283407,163803.0008974421,193209.98612986345,231559.0466571045,281852.36836129695,348220.03363760683,436367.17903537373,554205.8510955371,712749.7998294109,927384.2049105456,1219670.833940329,1619918.8902364941,2170852.2140652165,2932848.1306050597,3991431.714024774,5468009.941832639,7535264.213794654,10439246.44997669,14531129.543433964,20312872.021549936,28502950.06475214,40131049.47958462,56674575.641799904,80255581.72314823,113925033.98787463,162073387.57334983,231023920.8133213,329890615.7539736,471819127.87872314,675782717.2816029,969182411.0903208,1391613024.223868,2000319813.6631362,2878107495.864217,4144807584.2725744,5973910175.878437,8616693229.732393,12437239034.26075,17963263822.024067,25959920460.24745,37536983267.02802,54304550382.232735,78599275542.58311,113813147218.82729,164871395527.0788,238927304032.74316,346372561343.8793,502306715838.6382,728674720848.6062,1057376839314.6396,1534793960300.1902,2228373550953.585,3236216013839.117,4701030399125.336,6830453844716.522,9926640620312.143,14429355236093.732,20978740796292.805,30506757288676.523,44370401268966.01
train32.csv,-2.6744710890614884,2.733618664529167,3.8243256411147795,-32.342957,21.803793,2.9757328,5.6968884,9.510758,11.215227012000222,4.0689336660697375,0.7001153516254108,581120.0,175926.0,9.663153826040495e-05,0.4444935839021321,0.327389035,0.9226418500000001,2.0642517862,27.073375,3.2048452558693854,75205.11361211837,79263.45553360446,84661.75899278486,91711.31076244386,100822.10050706746,112533.08982013307,127552.51408757934,146811.55844259838,171535.89697679313,203341.1303088673,244360.24098322395,297413.9993267793,366239.05260061915,455793.56820867216,572667.2537937021,725631.9909510864,926382.0760504652,1190530.360389549,1538950.055527958,1999583.8429987007,2609885.2334917155,3420115.9953650553,4497803.5598897375,5933771.315579094,7850303.148590265,10412205.847156841,13841808.716284797,18439315.81559766,24610439.396570075,32903943.67769027,44062684.919612005,59093041.149573416,79359412.02230453,106712913.22593297,143666733.22430974,193635195.73828265,261259835.64688373,352854375.18583596,477012240.92482483,645436369.9239295,874073135.92185,1184662508.7934577,1606858100.2440717,2181127747.248704,2962723517.126849,4027117424.03564,5477446644.214167,7454714623.67064,10151772846.547022,13832490602.270657,18858045978.166958,25722994365.845825,35104765150.020966,47931605048.4904,65475868412.30824,89482144381.3409,122343274997.23343,167342224943.92395,228984519325.79565,313455269381.1939,429247620311.77747
train33.csv,-4.936293249704212,3.101977785272303,5.830030636917634,-23.370583,14.461987,4.943256,9.084515,11.8737,15.22786857150022,3.5602346927978012,0.6576121413720343,581120.0,174230.0,6.887447626700339e-05,0.39688566333244857,0.27211560000000024,0.7631990000000002,2.445213800000008,18.916285000000002,5.109290818475839,76280.91661913079,82412.80898342564,90147.73907379393,99803.31643016814,111780.94996204061,126586.84272313304,144858.83506597613,167400.71152007335,195226.05646080774,229614.3500939145,272182.78047080064,324978.26250869315,390595.4707541564,472328.3994077095,574365.1789422124,702038.7575259279,862149.7985231266,1063383.0153485117,1316844.505369552,1636755.9045989788,2041351.95236897,2554042.099504159,3204915.122478648,4032689.640131903,5087244.699667168,6432905.4748772755,8152712.57994336,10353973.45542474,13175485.861410651,16796943.457020454,21451190.613268487,27440199.640215468,35155913.81876315,45107454.14963728,57956653.063630074,74564489.35478601,96051801.22132134,123878709.00825372,159948565.7221119,206744076.6393077,267505627.78506237,346465019.25092876,449151954.00724405,582796103.6971891,756854779.0660046,983705727.5368807,1279557094.6289797,1665643084.3609939,2169795611.222468,2828510937.0388136,3689668156.1560407,4816106374.5960045,6290333414.102547,8220726006.276551,10749696532.208084,14064453415.579878,18411183210.210827,24113748012.358524,31598342957.79527,41426022888.57044,54335621418.18344
train34.csv,2.258979139363601,11.352490061289815,11.57506014428279,-47.729713,43.152645,6.051383,21.115532,27.8674,37.593407,3.3373430169370137,0.6453121646673942,581120.0,160635.5,0.00010271702083287941,0.4226300482582742,0.2721154499999999,0.7631990000000002,3.60127975725,45.441179,8.956841317487132,127949.0700694901,149540.45068665672,177314.02677373533,213100.0903427843,259345.14007677074,319330.2120559287,397470.9864367758,499731.33782662736,634194.6219540983,811854.7526847069,1047714.1469385852,1362310.9170013657,1783847.5547623797,2351163.8723355494,3117896.806637999,4158311.2064436376,5575486.492886101,7512829.211567707,10170286.79111467,13827214.441258792,18874668.167889595,25861066.896677524,35556835.27324279,49046020.0230076,67856273.62111418,94143459.19409253,130954080.66576985,182598686.93557793,255183637.0582891,357369010.0500667,501449677.671152,704898482.8337226,992570618.4144046,1399854648.1694438,1977179618.3633604,2796465881.460668,3960363363.0997896,5615489297.8153715,7971407294.640234,11327852128.371786,16113802506.868313,22943585283.37449,32697472805.441086,46637518712.691536,66574111821.508575,95105555955.00577,135962834960.25815,194505939664.38495,278438658505.9099,398838373139.9951,571640214437.011,819776796512.5247,1176264156015.4849,1688653782662.3928,2425457544663.6763,3485422678928.703,5010925184331.95,7207316041429.575,10370874097060.352,14929205843794.53,21499650437344.004
train35.csv,1.4326402096597968,3.1176815451276876,3.431092564645237,-15.746033,21.788912,1.7873529,5.921171,9.648337089999806,12.928148,3.7116776057979175,0.6272034379745249,581120.0,177353.0,6.202319667555666e-05,0.4027660499972428,0.32526315000000006,0.76107345,2.01960782425,18.7674725,2.450613909489566,70994.39372541368,76008.57630055057,82519.554041211,90829.43874719442,101322.13587262412,114484.2061379007,130931.61283943363,151444.00310334854,177008.65541073994,208876.8523316204,248636.24965629686,298303.86721800896,360445.69600988255,438330.6965149663,536129.2796868392,659169.3784605071,814267.1482495584,1010154.4600225532,1258032.0365362242,1572285.8124354836,1971415.503186853,2479239.273796942,3126457.8919202546,3952687.2568602385,5009101.5882271845,6361873.295304562,8096652.863122006,10324407.234244414,13189033.726774208,16877295.864612356,21631797.287351094,27767932.901381455,35696049.420544215,45950432.54396091,59227244.38329082,76434200.81469926,98755654.87365088,127737905.9875027,165401073.96390718,214385877.6449535,278146294.69907373,361202554.1184382,469473494.7062588,610713365.3662069,795086114.4113438,1035920734.0827798,1350705111.0009217,1762394165.0700672,2301132269.220613,3006521923.2112603,3930612911.3439794,5141842021.609978,6730227231.135666,8814217880.737764,11549731465.193026,15142078448.637068,19861702479.52754,26064962419.973904,34221578431.895897,44950888408.65203,59069754972.770996
train36.csv,5.908173987018057,11.082261171918656,12.558783083702526,-23.678839,53.121532,6.4196954,19.812885,33.66952,35.944237,3.3586844247961025,0.6259016934610298,581120.0,160541.5,7.786148752814693e-05,0.40717802013978943,0.2189681499999998,0.7631990499999999,3.2738905000000003,38.4001855,9.583329727310664,104346.41735143255,118857.91712420697,137299.20791005756,160754.14755958386,190661.354298762,228936.29574706813,278138.19973329507,341698.7576402664,424236.20618129836,531987.613005562,673405.1124510644,859979.927619206,1107383.368488149,1437049.565064922,1878374.642645368,2471777.247739927,3272964.0831908826,4358883.129081665,5836043.0795300435,7852153.647211301,10612430.93788248,14402462.025654655,19620299.66975774,26821556.04941258,36782817.07023302,50590895.72526318,69768553.07721612,96451720.3596633,133639497.47523388,185547051.70857048,258104089.8050331,359659381.81714654,501977087.5501194,701646521.249006,982077962.3141823,1376329548.0501273,1931113235.2637339,2712474201.5120144,3813846263.2299137,5367482116.430511,7560678792.445042,10658818885.871702,15038102732.032322,21232063993.02739,29997695397.606133,42409482868.03073,59993169172.54742,84916091031.89182,120258096485.25636,170397266370.2969,241559240370.3356,342599748731.17816,486119639028.1256,690054069032.1155,979938050414.0146,1392136947069.1226,1978453968265.553,2812703037734.9575,4000087382804.2285,5690584262083.738,8098050907128.199
train37.csv,5.437917815917979,6.69263449209107,8.62335819837059,-28.730515,60.196007,5.135119,14.544365,21.640629,24.906017,3.293735168020751,0.7278691372916147,581120.0,163468.5,7.034994509645589e-05,0.48305169452342195,0.2742420000000001,0.8737457500000003,3.7585964499999998,44.463261,6.924904940438476,142334.3498165547,163679.93341015303,190773.16316338346,225220.98699689668,269147.44926767267,325369.58129417937,397636.90497220133,490958.44596346363,612050.4429284099,769950.9332960013,976865.6035750044,1249334.848629144,1609847.914498582,2089080.5932976187,2729004.2881145123,3587215.0303937416,4742973.535864303,6305649.184475018,8426546.941861812,11315502.442976922,15264207.793768942,20679052.132673137,28127431.136743665,38403148.15318425,52618911.07808448,72337331.34368767,99756696.3758306,137974749.57200503,191363684.97283286,266103860.30168867,370944241.6890734,518287037.72815084,725736281.1414545,1018310927.1100502,1431610513.524218,2016347339.2511165,2844840454.321412,4020328065.0960236,5690331705.735279,8065848987.906192,11448936064.351479,16272373404.13815,23156744330.496624,32992619778.173965,47058960383.57733,67193789854.28122,96040344845.71077,137402256682.71028,196756305117.16364,281992986324.258,404486577246.2993,580641939090.3055,834131345012.4696,1199130373884.9292,1725000788880.509,2483069783200.7393,3576447299942.053,5154247393070.039,7432195470810.846,10722497476941.664,15477145668808.75
train38.csv,-1.3836931509002441,8.4002769788727,8.513475204499448,-25.226496,23.02725,3.8654232,17.309635,20.658993,22.173194131000223,3.759269402672596,0.460073985888735,581120.0,177332.0,7.894796201475199e-05,0.29342525955662546,0.2189679,0.5973787499999998,1.14373585,24.126873,6.359810183688125,33208.04300378465,34057.99845766165,35593.970073048185,37961.25208835915,41358.88212914375,46056.46921809934,52417.010350871285,60927.76099162152,72241.96540269587,87235.25694851694,107081.90167989532,133357.91025679774,168180.56011034065,214397.29205415086,275841.600788691,357679.8730801024,466881.74889944773,612858.318311493,808328.4503230436,1070495.3198656368,1422644.8564749989,1896318.2483176766,2534265.7062274604,3394463.7558131996,4555580.655244879,6124414.0567012895,8246015.283792857,11117474.068028871,15006691.500314802,20277951.7403861,27426761.69033495,37127326.544111535,50297255.47866461,68185765.36913292,92493934.62267026,125538677.07464974,170476361.9794008,231607816.4620068,314794379.579332,428025508.4767761,582193227.1874766,792148905.6556337,1078145439.1029878,1467805568.975243,1998808539.590685,2722557565.4295244,3709186587.9220057,5054395949.70994,6888785784.359477,9390600706.287083,12803133836.862984,17458495184.654728,23810073831.19703,32476876657.800785,44304092408.72766,60445823441.92125,82478105391.42892,112553311535.47853,153611107006.41968,209666678767.56775,286204568310.1251
train39.csv,-7.735784166498798,10.905988884710437,13.370974168851015,-53.697124,28.435017,8.568453,22.616419,37.132084,46.64763,4.047381174317211,0.6069300506402764,581120.0,169600.0,7.665094339622642e-05,0.4036845774036616,0.27211600000000047,0.7079257499999998,2.453292000000001,41.0660705,10.387422854001167,94288.94720915667,107935.31949170024,125958.30422313209,149695.38450009326,180953.63662999513,222180.38873965887,276698.97810909664,349035.0816522853,445369.2999191104,574166.0346227109,747048.9259855464,980021.6355357066,1295173.0117087257,1723062.5381344263,2306062.361812371,3103045.9636760363,4195974.6399233155,5699161.274288068,7772314.65673838,10638927.05809366,14612220.161769109,20131791.3462883,27815419.937386513,38532367.11109897,53507169.955941856,74466726.96492133,103848880.14879523,145098405.08806995,203087305.80499575,284711978.15658826,399742156.82018423,562028460.5334723,791220892.7779104,1115215697.0963,1573640886.3262975,2222823553.0148726,3142871885.733738,4447776232.942965,6299821756.855089,8930160600.035273,12668186245.259504,17983490339.04418,25545810943.179443,36310713523.45618,51642086720.98667,73487321085.05853,104627897264.20958,149037939798.2566,212397383692.2104,302826604630.75464,431938336985.8093,616344260658.1165,879813253921.31,1256363847229.7346,1794696163631.2754,2564544812598.6855,3665787112375.6978,5241504121447.352,7496713355226.66,10725240862190.504,15348275866867.902
train40.csv,1.949361398155321,10.432386616993677,10.612949655352503,-28.751242,43.214825,3.915382,22.22472,25.633606,27.381098,3.8676651280415917,0.5880820436286619,581120.0,170398.5,6.748885700284921e-05,0.3748223824974897,0.27211545000000026,0.7079257000000001,2.3363675,35.9830335,7.535207197185202,71231.76482921859,77850.82290179105,86444.74812863396,97530.50844091421,111800.74105210905,130184.88968438571,153933.29218619887,184733.0193106631,224867.73432657289,277438.6961097296,346670.82454037515,438337.27306197846,560349.3165151385,723577.1225393445,942993.3297654624,1239268.4041664754,1640998.856354888,2187822.743357976,2934780.1519520315,3958421.856797369,5365374.4252409255,7304359.231859668,9983070.822532838,13691895.855347,18837266.782983564,25988592.62707069,35944331.45409292,49825062.00659241,69204653.61454888,96295218.0713207,134208012.834331,187321642.67184016,261801897.72594833,366335958.98715115,513169750.48884755,719574116.3927311,1009917782.8339996,1418599158.9620812,1994194063.1521766,2805325378.2526717,3948971825.5868835,5562232598.542425,7838989570.842504,11053511822.520096,15593903067.50186,22009507429.440422,31078113808.80744,43901248276.60945,62039322337.36438,87703345832.78209,124026932748.09348,175452302190.9978,248278151037.04565,351437420916.4656,497601620602.1256,704749080862.8914,998392413863.6638,1414742782446.6985,2005205687087.7117,2842769554217.9893,4031085389997.3545
train41.csv,1.8244127133641728,5.7429606577016585,6.025784502004191,-27.185514,38.105217,3.0522652,9.584103,16.582575,17.785837,3.1803099628837836,0.7124133866728829,581120.0,165171.0,6.659764728675131e-05,0.45872433058170475,0.27211569999999985,0.8694945000000001,3.4354594727,32.645365500000004,4.308060460325748,116125.38285712354,129985.77697231935,147171.70857961522,168453.19337577652,194814.46967242926,227515.99356759264,268175.9267909681,318877.4860058487,382310.70177428226,461960.08189893514,562353.6651211259,689394.3673423242,850801.8848085747,1056703.4423930957,1320425.3432506407,1659555.9410595195,2097376.180282984,2664788.8009659797,3402925.2256699027,4366674.931147369,5629472.521947184,7289802.1287297215,9480050.114303432,12378573.351465415,16226176.456606459,21348641.90648622,28187579.967521325,37342727.587908015,49630019.68809713,66161411.83513952,88454729.9990089,118585011.59252241,159393231.6494592,214774466.03027868,290076109.8204089,392648692.6937932,532608439.510457,723893865.9614389,985730964.7434392,1344666548.192124,1837392133.7666554,2514668478.129184,3446783408.3604727,4731146864.539542,6502866529.35677,8949482367.552202,12331507087.770817,17011075619.433914,23491925418.808903,32475216366.184734,44937502374.62568,62239694627.1461,86279400701.71896,119703995006.88985,166208750310.8381,230954147612.1135,321150220480.1765,446875080497.57263,622221862557.3042,866906386768.5751,1208521308477.363
train42.csv,0.9361207449914941,6.005932129879619,6.078449045432869,-34.961536,26.272972,3.2451909,10.911197,14.62515,16.995531,3.136271412703319,0.7006696207607515,581120.0,167068.5,6.284847233320464e-05,0.46789013926411616,0.32526309999999997,0.92264191475,3.1633439315,30.617254000000003,4.673699964470998,111818.60122078224,124225.7363350454,139726.82306210848,159065.73222484672,183203.03186818364,213381.377416343,251212.12041832003,298790.22801951494,358847.06190119067,434953.8903142456,531793.5132435777,655523.4964791003,814262.8202752868,1018745.05253982,1283196.5508959335,1626519.1842451706,2073885.7023285893,2658894.9982481957,3426487.9868594287,4436897.9982068725,5771009.799583492,7537638.713505721,9883429.701418635,13006334.899456408,17173983.34427613,22748744.958718255,30221962.5756627,40260750.31377573,53772029.92414037,71990231.40699573,96597503.61557585,129888618.37798713,174997358.9350984,236207546.26839986,319380648.4158354,432544071.01893544,586701035.2328472,796946204.9161335,1084003416.1086502,1476346439.8793435,2013125466.0076895,2748207582.7504163,3755758188.3502145,5137954843.007908,7035653401.471171,9643143166.168243,13228567770.67235,18162199535.7593,24955603911.832962,34315910267.592503,47221045081.23021,65024063684.328354,89597888002.71538,123536169763.10945,170432138425.76105,235265839444.74713,324942067580.12054,449037871205.25696,620841586762.0327,858797524071.1366,1188515243488.144
train43.csv,-1.3255869706217147,6.727531870535664,6.856884561209641,-46.210224,33.800262,4.2746596,11.358168,17.629583,20.346485,3.1553380642564672,0.7083065449135315,581120.0,165036.0,7.877069245497953e-05,0.47977690284231167,0.3252632000000001,0.8716198500000001,3.543880432,40.00524299999999,5.356752784031868,138330.19575232957,159044.45749556748,185424.71611589275,219050.7008635666,262005.26344972267,317042.2165773229,387813.3752471514,479176.40631227,597613.2331144072,751800.0249757445,953385.463758474,1218055.7555898472,1566995.1767803761,2028893.2228065873,2642708.4661071636,3461481.773110182,4557607.090906486,6030129.992401438,8014871.477747144,10698493.878804656,14338074.855854306,19288387.81959543,26039978.269420568,35272382.6405034,47928611.19093171,65319524.74555164,89270282.7197963,122326061.46142063,168041355.4953106,231387258.64875633,319325428.1084815,441617743.3134358,611969520.6775305,849645151.256718,1181753349.3058333,1646482193.59117,2297682312.9538126,3211364909.688894,4494921251.109404,6300212404.201822,8842166103.017658,12425214306.20813,17480899749.356606,24621400736.77133,34715753936.588615,48998457629.99956,69224288821.80109,97889105683.5734,138544904164.00867,196249561151.42957,278209113356.0794,394695367119.34644,560357374509.7678,796096529645.4968,1131748458512.8914,1609920144595.328,2291481703859.134,3263428786976.668,4650142310894.684,6629518139962.052,9456079400847.926
train44.csv,-0.34079486985417656,8.149859383262099,8.156981617624512,-31.43732,31.319334,3.97597,14.176052,21.649664,23.384401,3.2534088402670105,0.680188007768908,581120.0,173656.0,8.637766619062975e-05,0.43707879422143203,0.32738899999999993,0.8142208999999999,2.6084827939999995,31.378327,6.157551114942409,89560.18322299744,98273.10706124344,109530.09302745175,123987.06723136321,142507.55748842112,166229.2845747919,196653.36084704436,235763.89259640698,286188.53427169845,351414.27680917777,436077.82402295736,546356.80522879,690497.4512134622,879527.1292936127,1128217.5289659365,1456388.005555067,1890670.94296356,2466905.1625870755,3233383.73405483,4255264.999787688,5620568.392710963,7448330.937029445,9899711.60047111,13193120.105530549,17624843.53863035,23597188.183784217,31656900.57608815,42547656.70293984,57281816.083067566,77238572.11459556,104298290.08504245,141026483.29189888,190925913.46146256,258782235.29302785,351138156.2061771,476944245.4382167,648452675.4977705,882445213.1872921,1201921324.233461,1638419950.1981406,2235214390.5570545,3051710744.201763,4169506184.9350824,5700737339.902451,7799589749.959358,10678172529.94862,14628423586.300121,20052349593.372246,27503790103.26164,37746122106.837845,51832022664.00618,71213767131.23909,97895815170.71214,134645982305.64963,185287806744.03662,255105488930.3781,351404964377.3478,484291604801.5215,667748589162.5029,921132737115.5363,1271250165015.0764
train45.csv,-2.8053415989531683,6.574871510570449,7.148347841797295,-37.124115,31.521294,4.878416,12.102235,16.141449,22.004184131000223,3.2688891665844837,0.6658390390269032,581120.0,171298.5,9.048532240504149e-05,0.4378619292684598,0.3252630500000002,0.81634685,2.7232818,34.3227045,5.995702983320104,100899.32562262133,112770.82077607422,127978.3209267748,147394.27961943197,172159.81188571328,203769.69966235053,244185.99656246696,295990.134371509,362586.98063552415,448479.14312516584,559636.449504204,703994.621312855,892129.6396121024,1138171.4514653434,1461044.273952341,1886153.2874436928,2447682.40439144,3191729.8235529885,4180593.8671509223,5498640.387597773,7260347.693432329,9621353.433377117,12793645.249492154,17066478.26449381,22835216.526965115,30641150.834669117,41226537.67990376,55610767.57997295,75195893.81120889,101912998.25822112,138425409.73970208,188411141.26127976,256955805.88259405,351099731.79195434,480600467.71416354,658996378.3639352,905091431.0040189,1245029587.5449982,1715195103.2638054,2366270470.2076435,3268917975.2041683,4521739725.0844,6262436891.5762005,8683463405.51821,12053996931.928516,16750793581.799938,23301541296.48657,32445805673.66887,45220748532.284225,63081744404.988365,88072177799.3498,123062575655.00623,172087523835.22812,240820536647.52945,337243613486.98145,472591635390.9074,662684870067.2634,929809692818.0178,1305373894043.0815,1833656706787.9966,2577106389198.1484
train46.csv,-1.572611106703667,6.462928374244732,6.651507262534213,-31.052532,28.281418,4.215134,12.310573,15.703514,19.618921012000225,3.3770323926520076,0.6356572936466145,581120.0,171695.0,7.571565858062262e-05,0.4196404686352268,0.32526330000000003,0.76107335,2.479972162500043,29.666975,5.34704910396178,83284.16665076559,91256.5782462616,101496.01616478869,114542.474394132,131096.5139663196,152067.38095279463,178636.67932378766,212342.74572250567,255192.64091402866,309811.0594481132,379638.6865769859,469196.9018789133,584441.6547474278,733237.3812745677,925992.7653730952,1176515.0234002334,1503159.6549259434,1930380.231875096,2490820.5092855687,3228142.661163694,4200855.895880885,5487506.128679709,7193719.471534187,9461773.37925709,12483617.73677911,16518609.308486458,21917691.720412966,29156397.703050416,38879937.22612813,51964856.32485598,69603433.88969436,93419303.13439061,125625983.88863805,169244427.62650934,228401774.95443076,308741950.2526553,417990364.26738405,566731102.0034192,769477258.9908668,1046145938.3088202,1424092142.7548711,1940914985.202417,2648331675.193228,3617528483.587704,4946555654.595992,6770552143.272712,9275889906.160942,12719749362.3769,17457223616.368965,23978863160.462658,32962704225.445126,45346396856.37785,62427236009.26121,86000941227.71342,118554263120.01355,163532385167.04398,225710288508.28305,311708662892.10077,430710844257.38684,595459402736.4365,823641854722.635
train47.csv,-1.254475860693793,7.767743724742157,7.8683894323002725,-28.117193,25.323755,2.8317027,14.872817,21.607677,26.81189,3.9940212907336314,0.7230380719153549,581120.0,181894.0,0.00010445644166382619,0.4494041988645942,0.3273894999999989,0.869494395,2.11952535,26.720474,5.338233711746585,81025.56713456,86082.260854379,92755.5001598833,101423.33559892038,112581.4800392405,126879.46069856115,145168.76488242086,168567.0022500807,198543.49594702257,237033.5891007892,286591.48349350295,350594.8463646577,433519.0450491073,541305.126375917,681854.1311408296,865691.8156086281,1106863.419143634,1424139.2353481674,1842640.408430064,2396033.303367463,3129493.6880325573,4103713.8601364037,5400323.625189919,7129229.056737471,9438554.032650083,12528116.087909091,16667703.968944848,22221881.93205654,29683669.706553992,39720297.809906505,53235398.46263763,71453576.0271572,96035462.62857911,129234316.30365567,174109250.52763402,234815691.8947943,317001189.8631916,428344991.8340953,579293865.751706,784065894.0992635,1062020286.0243059,1439527272.953555,1952521450.2991495,2649989414.355814,3598734950.9837437,4889891591.136951,6647825715.292531,9042310925.484283,12305179926.638618,16753106346.333412,22818780618.274532,31093582809.29447,42386005574.466034,57801658283.37344,78852848064.92934,107608703835.05441,146900885794.24603,200605518217.44275,274029664791.15097,374441212679.5659,511795515082.89667
train48.csv,-2.3247128401935897,10.62681488944207,10.878119528844525,-35.327194,28.930351,3.4301443,20.447998,29.799845,33.805046,4.098976355193371,0.4839333405378949,581120.0,169695.0,8.250095760040072e-05,0.3086364487156722,0.216842999999999,0.6505263000000001,1.73686280825,32.1287725,7.3993606127382,43670.273259673406,46503.676967241416,50506.872097436026,56004.80978711131,63446.0694593096,73447.95581769082,86859.1145252445,104846.45457259649,129015.8429050678,161579.77269873215,205590.42190851033,265263.8024546362,346430.8769043187,457165.7422414624,608660.8639265958,816447.1484427415,1102095.5342157788,1495591.1921688805,2038647.5674840582,2789334.0619426216,3828540.338894115,5269009.108226158,7267961.750053307,10044750.808194079,13905547.24952978,19277874.363003846,26758926.684577975,37183190.97481416,51717098.77316108,71991541.2707057,100287424.64162883,139795538.95183438,194980559.67646232,272090984.4368613,379873613.1920954,530574750.2099556,741343366.2891072,1036197834.7074013,1448782911.8728075,2026234906.9944353,2834601047.729674,3966438742.051214,5551472593.661528,7771540894.791297,10881559953.534359,15238931655.777529,21344798046.560394,29901920079.544495,41895885592.8586,58709058095.059235,82280477750.89944,115330260951.63612,161674535672.95386,226667468152.9751,317821706609.8436,445679309518.167,625034355109.777,876649338762.959,1229664923038.6116,1724983308666.838,2420018853089.8438
train49.csv,4.221788724379016,10.903758458968634,11.69253815750985,-34.365223,39.790527,6.3415685,21.90743,28.540247,33.757214,3.4532185437835135,0.6260970660682983,581120.0,158604.5,7.250740048359284e-05,0.4305115510546138,0.27211549999999995,0.8163470000000004,3.2717648477499996,37.077875,8.835554316312308,118796.61459875807,137334.27819086035,161153.0252611758,191793.53671060037,231307.55007764953,282434.44265121117,348841.94217980676,435454.8997707154,548905.2246693763,698148.8170254668,895313.0553091516,1156863.0778472596,1505209.5147553347,1970928.3640622194,2595830.8180738594,3437214.691445644,4573760.441752542,6113718.735412024,8206294.378985109,11057493.163480503,14952205.941935586,20285017.514695928,27603230.415779453,37667003.63459818,51533490.3763649,70674652.46167678,97142364.14221649,133799964.28932196,184647236.28706065,255276826.99284315,353515685.4202926,490327083.3892837,681079827.2942544,947335137.2429407,1319363672.9636226,1839692852.867977,2568108606.3014073,3588711126.6257095,5019872463.62069,7028295254.982101,9848869574.27843,13812729781.165548,19386911940.42256,27230427602.614143,38273575716.01916,53830158397.57903,75756299156.47858,106675282142.15855,150295945484.5103,211863675421.80435,298799387585.2565,421605074553.72076,595147424564.8357,840477767404.7893,1187412995904.1548,1678196411595.1665,2372691402026.839,3355751181641.2617,4747678272958.375,6719071750881.9795,9511906563726.926
train50.csv,3.5706925579457276,4.33470939054327,5.616008444067103,-21.366919,30.309528,2.7068062,9.59048,17.065155,24.785928131000222,5.662494580464039,0.4137222423520652,581120.0,169225.5,6.204738647544253e-05,0.2628771083753424,0.1636949999999997,0.4910836500000001,1.4216869974999897,25.838223499999998,4.215031904245066,37513.176128691906,40659.98928809635,44914.51546304717,50522.65688412115,57807.27633084711,67190.2013962949,79221.29652737672,94616.83933960466,114310.18295401089,139518.68042349897,171832.17629325305,213330.14918136992,266736.97320011014,335627.96443914017,424703.1742332375,540151.6653665671,690136.7769308018,885443.3466255671,1140341.96128603,1473744.3280428366,1910749.535651891,2484715.662478487,3240038.079127236,4235879.227426784,5551180.525844313,7291403.363052068,9597603.786395054,12658659.285704792,16727756.179778233,22144639.98980272,29365666.233972967,39004416.27241317,51886631.66301038,69124565.73243125,92217682.03014746,123189122.49907568,164770764.5186243,220654314.53667545,295832196.4006946,397060599.14617443,533488791.8404542,717514840.6590319,965949746.6976736,1301601911.5108013,1755434672.5950217,2369505459.701285,3200971418.4389067,4327550681.144756,5854971180.362227,7927134170.573277,10739986872.895218,14560464510.909328,19752362968.472668,26811689432.246605,36414978343.83836,49485347971.03592,67282838154.32256,91527989652.7865,124570943439.74487,169622888470.27365,231072927705.0063
train51.csv,2.2539846677574595,8.875071333126463,9.156819210324558,-25.380417,34.79791,5.072833,15.112307,23.62825,27.607197,3.3075984950241795,0.7551671599103313,581120.0,170771.5,6.734144748977435e-05,0.4901331433561221,0.3337462000000002,0.9448915500000001,2.93653241425,30.0891635,7.273661329136242,107532.0703714266,117813.08909930561,130770.97980429995,147051.29578092642,167492.24281959774,193184.44020261645,225550.70894111312,266452.80615686066,318334.49596072617,384413.7168095749,468941.20485435985,577549.217667292,717722.5986590463,899436.1896134625,1136018.7201391894,1445325.4065387368,1851331.8201784957,2386303.224548608,3093750.785762255,4032464.6992245694,5282022.4357911125,6950319.155831216,9183872.27474496,12181934.458302096,16215838.356388498,21655532.732942037,29006009.40266831,38957341.069959626,52453458.983251765,70786744.53808735,95728195.70732303,129706641.29461646,176055606.37508458,239353524.8194341,325892802.67413235,444326802.57425934,606562589.4438617,828993253.8915507,1134199587.0107112,1553300665.370985,2129201850.7690606,2921084210.637001,4010611677.645154,5510515616.904889,7576470592.535801,10423527407.606764,14348857937.722315,19763243639.86454,27234679124.175163,37548765499.99082,51792376533.08409,71469590056.78241,98662359918.24524,136253238361.81857,188234170823.09268,260134705074.4135,359615899649.92487,497294193410.10077,687884470284.983,951786247349.1301,1317285121659.2483
train52.csv,-7.762387359331533,9.741899090558999,12.456293807025595,-58.13654,26.325588,8.519025,20.712141,31.856127,41.125065,3.350368991414486,0.6527567636229195,581120.0,165850.5,6.331002921305633e-05,0.44029520546318224,0.272116500000001,0.8163468,2.8912283497499995,42.231063999999996,10.075838209395537,124888.71371523879,145473.38528226386,172291.9489108405,207231.04426300045,252812.78379267655,312416.39144531207,390580.5686495129,493416.7726040853,629175.159544412,809021.0278816893,1048101.9832877803,1367017.2497682096,1793844.0890265137,2366937.1105104303,3138801.3078259556,4181458.7228887198,5593895.485576458,7512410.004093083,10125011.646502405,13691480.962087028,18571351.859748837,25262990.232007176,34458231.23452559,47118852.968323365,64583725.956591256,88719094.84081417,122129559.60318151,168454550.3122783,232785314.6403024,322251914.8033159,446850241.3054737,620608127.0349946,863230888.3446407,1202425154.7449284,1677182972.263298,2342426270.3975105,3275579679.301547,4585878487.122639,6427558352.915439,9018557210.239626,12667048952.06488,17809110578.778538,25062224664.705933,35301316111.56924,49766871922.012314,70218760872.08417,99155179751.4617,140124453192.6989,198169277274.3186,280459958739.55176,397197461956.4226,562901787726.7438,798250891895.8125,1132706489371.2168,1608264978557.2227,2284817703471.786,3247813993858.212,4619220377165.649,6573199516738.75,9358549502570.223,13330829577231.02
train53.csv,2.4206183837935353,4.1011244804160745,4.7622069845636945,-24.10774,24.902828,3.656553,7.6702576,10.03001,13.601527,3.388912032865061,0.6609217705108444,581120.0,179526.0,7.79831333622985e-05,0.41807953059540953,0.3273889999999997,0.81634685,2.0089784,24.505284,3.945275954431155,71151.8320400017,75178.55813232833,80506.67245669836,87413.93257014295,96261.61047523041,107518.55664527323,121792.94286616202,139874.14772927458,162788.07308736184,191870.28293978737,228862.8342649566,276042.65199241246,336391.9626352489,413824.8794279259,513489.0454635026,642167.7220228877,808816.4410440908,1025280.1139243237,1307252.3739544135,1675560.3768078731,2157887.2582634734,2791083.6162165105,3624272.361127611,4723022.973122213,6174968.278393296,8097368.362902178,10647304.474944131,14035427.444588665,18544512.993833166,24554521.236934602,32576461.73066066,43298185.86309583,57646343.08191919,76870252.555939,102655501.85011087,137277885.96212763,183812111.9321101,246414881.93101734,330709029.91017294,444305003.56921935,597509082.1306311,804285566.650864,1083564500.1777744,1461019626.807503,1971486498.930363,2662252283.450108,3597532899.2865925,4864567833.280075,6581919522.23661,8910777847.33083,12070361959.984013,16358909904.947096,22182290364.50441,30093013686.14068,40843434145.09371,55458321918.14461,75333877977.9207,102372854727.86115,139168985052.42044,189258761936.40253,257465227980.81155
train54.csv,-4.151592993917771,16.033101690980494,16.56188619150816,-53.751335,36.620808,6.526522,29.371477,45.753685,51.582912,3.956055812726837,0.5971064562292173,581120.0,166508.5,8.107694201797505e-05,0.39609715302792947,0.2721156,0.7079260000000005,2.56171315,45.1860715,11.681035168526153,85447.3976534136,96575.65521695762,111406.60682695845,131166.32852881722,157559.38652857745,192962.21914856747,240697.98067983025,305427.77015153854,393708.3661434328,514788.4591803729,681746.8659498587,913121.5851425176,1235243.968827123,1685586.6327509214,2317569.87644629,3207467.931326786,4464340.211225523,6244322.841761298,8771208.446348958,12366099.048574077,17490156.13952133,24806264.532988764,35268020.40568487,50248207.92868732,71724363.40244949,102546894.82189628,146826621.2711361,210495104.9603759,302115066.4529059,434052832.1728417,624174994.286371,898304274.70946,1293775143.6865435,1864582798.4645476,2688841059.6045566,3879586645.6265936,5600434207.705933,8088263853.248768,11686105599.500942,16890811090.501343,24422172051.662186,35323147813.47392,51105222552.41324,73959239063.90945,107061239181.79727,155016172846.96042,224501693932.99847,325202365474.3612,471165406868.2797,682768378806.425,989575267941.3938,1434482432849.6367,2079737428956.9888,3015677447678.687,4373417187585.4053,6343272481453.693,9201514486066.102,13349223854290.78,19368720943656.406,28105527865868.46,40787421446606.28
train55.csv,-3.1221952731780664,3.4789364726954495,4.674516264268006,-32.746876,24.189056,3.0235655,7.6697264,13.418169,17.053463,5.217870403939246,0.5153713267069103,581120.0,167998.0,7.14294217788307e-05,0.33782205234596546,0.21896800000000005,0.654778125,2.017482,28.467966,3.362716286288244,54521.4201929681,58607.22956390277,63970.948483392574,70895.71183408907,79752.07349103401,91023.76803881254,105341.91226379326,123530.41631777928,146666.3249624508,176160.0890840887,213862.49348292194,262207.2973645428,324401.79455320037,404681.7645030088,508653.0620904168,643749.9282154915,819850.7367036338,1050106.338932788,1352055.809503724,1749131.1247909758,2272688.7067226456,2964755.3741934975,3881743.907349972,5099485.780329431,6720054.749822073,8881027.37146185,11768062.265894122,15632002.5635424,20812147.688261174,27767945.834709488,37122188.11071612,49719923.19776005,66708872.90171181,89649272.9450934,120664008.52144226,162643961.8460589,219529054.5488774,296693123.95632184,401471309.0287079,543883128.9080023,737624419.150023,1001428825.0646179,1360937507.3796651,1851268056.956986,2520545821.509039,3434760492.9604783,4684448364.507484,6393890632.083751,8733780536.315039,11938674769.354008,16331045825.91917,22354445062.45686,30619244835.62009,41965754320.28745,57551338945.67093,78970713952.47858,108422100262.78229,148936802712.12674,204696519681.4401,281472044781.4882,387229982154.0748
train56.csv,-0.049221935796960964,5.317906304453788,5.31813409589425,-30.800001,24.411146,4.2650156,8.118266,12.886068,15.334985,2.5294377600170472,0.6968769167821554,581120.0,169186.0,6.501720000472852e-05,0.45046944649577975,0.33157900000000007,0.8885450499999998,2.6071204999999997,27.6055735,4.443527791123066,87023.3697188054,93414.81600700767,101368.14323469944,111184.98561999614,123246.06131488431,138031.61818640862,156147.90991984465,178361.52864459646,205644.0137848306,239229.9484633386,280692.8133642124,332044.28668741515,395864.58411498915,475473.9962449263,575159.2362274614,700472.8752820822,858630.4517449632,1059038.3816369958,1313997.3831631413,1639641.85833722,2057197.0631572,2594665.012922553,3289089.7478789794,4189606.7170907087,5361554.965785749,6892031.868918275,8897408.423605781,11533512.461313378,15009446.647561964,19606364.072720684,25703012.789983504,33810531.7001223,44619902.4856544,59066730.722353265,78419774.75652301,104402044.16687153,139356600.2415201,186473753.7534969,250102647.02721694,336178886.77646154,452811872.7027168,611092004.9212066,826200795.1741799,1118938466.6759255,1517827247.5781806,2062008871.704718,2805238207.896665,3821390327.0745215,5212057990.185268,7117037556.3861685,9728807312.137962,13312525988.569218,18233666223.097385,24996210977.219883,34295467899.462173,47091118651.33641,64708285649.57702,88977401156.43823,122427827447.05185,168555952034.3007,232196493559.28345
train57.csv,-4.180757814310115,9.927059196753834,10.771501297301597,-54.74838,32.719772,6.741238,18.255129,28.684001689999743,38.493725,3.375548218310644,0.6801027966634912,581120.0,166150.5,5.1158437681499605e-05,0.4618617505790444,0.3252632499999999,0.8184726,3.0527965000000004,43.734076,8.336641967809374,133693.79892187592,155989.4239585736,185068.493349278,223005.8834874733,272581.6737307772,337529.97939992987,422879.4761496739,535420.3356875528,684345.7688764487,882135.1767484366,1145772.183848869,1498427.5841110675,1971788.7099151185,2609288.9211426964,3470592.241688546,4637830.562729539,6224291.126760528,8386534.025019585,11341316.90195959,15389264.72752721,20948014.07906978,28598679.91633132,39151074.67336076,53735348.28861328,73930888.80052757,101947817.81200331,140882790.54100603,195079859.51520345,270640014.26519376,376141277.4156833,523657217.67277074,730198710.4566464,1019756417.2995586,1426196450.2108948,1997368589.4001682,2800938888.9297132,3932676068.691788,5528231704.287125,7779897903.19319,10960460202.729218,15457169947.51223,21820157082.003975,30831459863.04625,43603504490.65154,61719672366.55472,87435044134.81973,123963223664.60492,175886349927.80493,249741477747.835,354859573263.1847,504566480011.39,717902758292.8646,1022087601917.7091,1456050184888.7983,2075492874680.3167,2960153615320.6064,4224226578077.9844,6031320009311.02,8615934434011.231,12314314240810.346,17608778315427.42
train58.csv,-2.8718219804199823,3.1134811558490036,4.2356966835516205,-23.079866,20.692476,2.0036635,7.586285,11.935883,14.623023,3.9312877893638527,0.5555738275711369,581120.0,171693.0,8.154088984408218e-05,0.35708457187291565,0.22109390000000007,0.7079257999999999,2.0196079721,21.886170999999997,2.9944978615326394,57028.778116017,60513.33272750681,65097.14070512212,71004.58251980926,78527.57348066542,88044.36149338903,100044.22771646688,115159.91709412816,134210.21892224456,158255.90321766137,188673.26061021307,227250.87692520465,276317.11217371817,338908.198952414,418990.1297854312,521751.8373192614,653992.9472414034,824637.0851187289,1045411.9922908911,1331751.418809705,1703992.0730497963,2188963.3715533544,2822100.4302776074,3650254.459248332,4735433.206493841,6159782.359232864,8032223.578192827,10497305.14151833,13747009.12349205,18036510.89496302,23705224.347614788,31204918.9477933,41137301.92713275,54304273.57269421,71775156.86289552,94976670.28655016,125813383.2281236,166829039.81126577,221422692.2747531,294138361.87860763,391053365.256131,520299073.9525097,692759477.6927316,923008524.9533143,1230568200.8069139,1641597534.3095388,2191160714.453101,2926273613.929248,3909996825.872262,5226935943.935451,6990634525.790623,9353513113.806002,12520233858.734882,16765674943.266626,22459109420.212135,30096736059.502792,40345454956.04486,54101784903.63138,72571173145.01035,97374772815.10558,130693223452.05234
train59.csv,-4.1601134178562,8.937519964370978,9.858286198064905,-36.680332,25.17069,6.0843344,15.744437,27.45391,34.51191,4.127714243268164,0.6393203670302224,581120.0,176300.5,5.955740341065397e-05,0.4117797291823619,0.32526317999999993,0.8163467999999999,1.794262099775,30.925511,7.628476399536802,65418.98318448443,68806.79016331892,73464.84171081404,79704.15042088018,87941.5711581842,98735.07902433434,112831.78077516661,131233.29555625236,155284.87403655282,186797.01102161012,228211.5941098969,282829.163831851,355120.11478277016,451151.301081038,579171.4348808506,750415.1465989747,980208.3598354135,1289489.1479005115,1706901.8446200283,2271682.5422129203,3037637.6909425124,4078633.2922636364,5496172.602482446,7429862.624078281,10071877.958133612,13686958.155383134,18640067.83398535,25434671.85256871,34765720.12073647,47593022.424985036,65242895.63870896,89549023.97467984,123047721.41711593,169248688.52535927,233010559.42687064,321061937.7841022,442724473.4786876,610916575.280464,843547011.6286291,1165450294.7101417,1611075068.4752965,2228219268.7814617,3083220701.618631,4268171580.3836894,5910948150.057206,8189156431.12809,11349526655.72483,15734889968.587307,21821708088.65991,30272292802.03063,42007476945.38634,58307762597.468575,80954127457.00145,112424068220.12029,156164590296.4292,216972400148.06628,301523473835.93066,419110794082.8784,582672225842.8553,810222829479.8126,1126851009854.1318
train60.csv,-0.5679753604584992,2.9962477681142414,3.0496059906187116,-26.675299,22.888002,1.390872,5.5948453,9.744608,14.230264,5.068027075483038,0.6141324950368257,581120.0,171804.0,6.402644874391749e-05,0.40430021035486075,0.32526309999999997,0.763199215,2.07488135,24.781650499999998,2.0197761708254025,65302.40451944573,69013.39932697888,73914.15558167167,80251.42192378073,88345.73555210349,98612.3459269242,111588.75212458502,127970.94237934735,148661.11339267011,174830.56488847817,208002.68936674198,250162.61236321405,303902.22486384714,372612.27517511963,460737.10584040737,574112.8730864893,720417.1309863837,909767.1188306863,1155516.7924040402,1475319.713407207,1892547.8750770893,2438187.4471758567,3153374.040724319,4092786.1670375266,5329191.16040496,6959539.798849417,9113143.462477975,11962653.46355498,15738813.163436238,20750292.687430486,27410374.672302574,36272879.852767855,48080560.814100906,63830328.79019253,84861217.67596817,112973074.96713498,150586796.0508174,200960750.94392663,268483251.0524991,359067956.9482527,480688701.62252283,644103201.7747529,863832783.073756,1159489228.6840487,1557572453.191988,2093907009.9500108,2816945685.2924232,3792250375.2079973,5108571922.811844,6886102307.845293,9287679093.053432,12534003211.837524,16924314116.251015,22864487942.421364,30905235096.78047,41794042298.19573,56545824490.644844,76539052291.71048,103646575683.35248,140413713336.34357,190300745497.47723
train61.csv,-0.2008813702499811,8.723115161305946,8.725427865859597,-31.943287,33.445236,3.6358256,16.43695,21.842058,23.262163,3.4509415158814862,0.5466202568892318,581120.0,171835.5,4.946591362087578e-05,0.36099972890541243,0.2721156,0.65265224,1.9537044999999997,32.6942615,6.343632119562151,55619.500871314485,59291.52852187246,64301.34513534528,70983.01791853126,79786.42027608959,91316.32350206324,106385.72547697267,126088.63426841631,151899.48626458258,185809.08339643606,230510.667130286,289654.9032423115,368199.6786891277,472890.47018761514,612920.6884731802,800840.2979378868,1053807.194505958,1395312.1254911227,1857558.289892408,2484746.6422762075,3337614.959897004,4499713.533418679,6086087.688366007,8255297.834354019,11226070.08240889,15300374.700353423,20895431.632470444,28588119.90709767,39176629.74462843,53766094.395280376,73887585.24002177,101663544.73331782,140037881.35278994,193096137.55288297,266511174.95868635,368163832.37679386,509007584.8551792,704273581.4291387,975150666.2610455,1351128433.9807591,1873266114.6428077,2598754642.326801,3607285564.2990894,5009945213.059332,6961639224.317685,9678453891.163824,13461923063.17566,18732956935.326836,26079292754.619064,36321874361.261734,50607736022.60765,70540006678.7657,98359915118.28741,137201658450.47421,191449388880.3927,267237351086.11365,373150732554.0084,521207994317.40564,728238031000.2849,1017811263623.2231,1422948033424.2021
train62.csv,-2.077740382822966,3.4573337253579157,4.0336288360371695,-30.442932,22.15616,1.5178947,7.836078,12.10064,15.616883,4.424550073650788,0.6407286302004418,581120.0,174925.0,7.43175646705731e-05,0.41890290187718165,0.32738904999999996,0.7631991499999997,2.12590315,26.299546,2.5096762717284378,68327.51050888501,72190.16708181342,77327.41179930724,84008.3377277778,92583.12738503548,103506.42760497444,117368.1619323518,134934.156094025,157199.74124718423,185460.5534446097,221406.1566451481,267244.0024748288,325863.76686491806,401055.492730552,497799.517127116,622652.2731293378,784260.2742467136,994045.6465134483,1267121.4628216813,1623515.198048565,2089805.6791279963,2701315.412352223,3505049.4655080293,4563638.686000151,5960635.080606912,7807628.9909795765,10253822.572789656,13498917.378177334,17810476.41709412,23547331.306017663,31191161.599590383,41389128.67115136,55011472.08257673,73229369.68149287,97620256.43542092,130310372.22556385,174167812.27403647,233064122.26564977,312228973.0725663,418731294.6806171,562132302.322529,755372280.6591425,1015975404.1746835,1367687451.3629057,1842703008.6417627,2484695750.3976045,3352943225.6879463,4527943948.196827,6119069974.66642,8274996951.685482,11197925519.118729,15162979991.2369,20544679423.53349,27853073293.850708,37783088733.68608,51281944106.0775,69641275893.91049,94623082376.03116,128631955632.61835,174950692545.28668,238062712029.5382
train63.csv,2.4753409510687208,2.9379934120522764,3.841759767775749,-14.962105,22.458038,2.389515,6.398968,10.21709,13.736573905000444,4.356823673068013,0.5504087934823466,581120.0,174980.0,6.286432735169733e-05,0.3550888117258601,0.27211550000000007,0.6547781,2.0174819999999998,18.710071499999998,2.969800674107938,63145.915524020944,68486.87486511201,75389.76290498232,84176.70499629856,95258.01430457868,109154.87293707364,126528.47110365657,148217.4247498709,175285.83054463353,209085.01498596184,251332.94021362785,304216.4062041332,370522.720084863,453809.496501058,558623.8498042779,690785.6245570969,857753.7281220614,1069100.3959269957,1337125.7533329998,1677654.8848430866,2111072.4994886196,2663667.1330892164,3369378.8916026666,4272073.641663374,5428504.432961007,6912170.604454279,8818350.181893595,11270666.686325617,14429663.751525462,18504008.43333224,23765137.90549442,30566419.028111085,39368225.362883836,50770777.06518515,65557169.30296265,84749778.76444213,109684243.92168653,142106540.24449837,184300418.4896498,239254777.21969116,310883577.7905581,404314916.35156554,526271153.76959896,685568981.7817066,893777515.5711417,1166084668.1872997,1522438131.8301327,1989048523.4549093,2600370313.0827737,3401713247.6394587,4452686030.670805,5831738885.49367,7642157437.668022,10019973887.416435,13144411694.27591,17251678880.616905,22653188371.34659,29759632463.743416,39112800327.76471,51427639194.49866,67647870436.25528
train64.csv,4.59035704894101,6.6629947883108125,8.091160447415406,-27.402357,51.983112,4.626497,13.491511,20.711079,23.517271,3.1719224756799544,0.7063373209981849,581120.0,165207.0,6.658313509718112e-05,0.4693756912289371,0.3252632500000008,0.8163470000000004,3.4576748759999063,39.6927345,6.262226362477177,121070.3841419713,136874.34414684935,156825.54293533182,182004.62172402604,213825.2314137192,254141.96378826216,305395.7687332812,370810.3817208027,454658.34859920316,562622.241859756,702286.3778871393,883807.8375072326,1120834.361044539,1431762.8370008233,1841468.5845536755,2383686.5989632662,3104297.2346123783,4065868.6852855952,5353948.712154061,7085794.782415129,9422508.313136488,12585927.874615274,16882184.43616925,22734594.82207281,30729660.749561787,41681482.45359062,56722075.79492964,77428166.72576205,105999406.33420941,145509142.86939603,200257671.89490247,276270355.2268716,382000711.04198956,529323751.49634403,734940646.3221424,1022366738.1989803,1424747475.81094,1988850170.5446243,2780726775.911359,3893752932.6766863,5460048191.863019,7666710057.75312,10778905272.291515,15172734287.234943,21382031801.80946,30165048913.92447,42599511939.4371,60218200418.48238,85202406814.99265,120658113243.40964,171010421740.8757,242567103269.07312,344324093907.89636,489117244555.2998,695269756076.279,988949438204.4661,1407542735585.9023,2004485599702.7783,2856182318122.5957,4071917576838.665,5808060580898.488
